protocol,dataset_tag,model,svd_dim,attack_family,attack,impact_mean,prediction_change_mean,feature_detectability_mean,feature_prediction_detectability_mean,label_marginal_detectability_mean,joint_outcome_detectability_mean,full_detectability_mean,n_split_clusters,n_model_seeds,raw_integrity_jsd_vs_clean_eval_max,raw_integrity_mmd_vs_clean_eval_max,raw_integrity_ks_reject05_vs_clean_eval_max,raw_integrity_score_jsd_vs_clean_eval_max,raw_integrity_label_prior_shift_max,raw_integrity_label_jsd_max,feature_prediction_structurally_blind,label_marginal_structurally_blind,impact_locus,gate,max_train,max_test
id,idcc6a61e9,qsvc_zz_r1,12,target_shift,label_flip_prior_preserving_r_0.100,0.0703125,0.0,0.0,0.0,0.0,0.037020940816509654,0.01682770037114075,5,2,0.0,0.0,0.0,0.0,0.0,0.0,True,True,evaluation_or_label_path,gate5b_id_ton_iot,128,128
id,idcc6a61e9,qsvc_zz_r1,10,target_shift,label_flip_prior_preserving_r_0.100,0.06875,0.0,0.0,0.0,0.0,0.036533681986216225,0.01660621908464374,5,2,0.0,0.0,0.0,0.0,0.0,0.0,True,True,evaluation_or_label_path,gate5b_id_ton_iot,128,128
id,idcc6a61e9,qsvc_zz_r1,10,target_shift,label_flip_r_0.100,0.0683541526115387,0.0,0.0,0.0,0.8306353631849717,0.037129595564204955,0.1679017003809971,5,2,0.0,0.0,0.0,0.0,0.03125,0.0004888385244522,True,False,evaluation_or_label_path,gate5b_id_ton_iot,128,128
id,idcc6a61e9,qsvc_zz_r1,12,target_shift,label_flip_r_0.100,0.06673640313562984,0.0,0.0,0.0,0.8306353631849717,0.035931582966152634,0.16735714920006423,5,2,0.0,0.0,0.0,0.0,0.03125,0.0004888385244522,True,False,evaluation_or_label_path,gate5b_id_ton_iot,128,128
id,idcc6a61e9,qsvc_zz_r1,8,target_shift,label_flip_prior_preserving_r_0.100,0.0640625,0.0,0.0,0.0,0.0,0.03285150744639219,0.014932503384723721,5,2,0.0,0.0,0.0,0.0,0.0,0.0,True,True,evaluation_or_label_path,gate5b_id_ton_iot,128,128
id,id8c8771f4,svc_rbf,12,target_shift,label_flip_prior_preserving_r_0.100,0.0625,0.0,0.0,0.0,0.0,0.02585140688312098,0.011750639492327717,5,2,0.0,0.0,0.0,0.0,0.0,0.0,True,True,evaluation_or_label_path,gate2_id_256,256,256
id,id8c8771f4,qsvc_zz_r1,12,target_shift,label_flip_prior_preserving_r_0.100,0.06015625,0.0,0.0,0.0,0.0,0.022154786132231843,0.010070357332832656,5,2,0.0,0.0,0.0,0.0,0.0,0.0,True,True,evaluation_or_label_path,gate2_id_256,256,256
id,idcc6a61e9,qsvc_zz_r1,8,target_shift,label_flip_r_0.100,0.058897326823724415,0.0,0.0,0.0,0.8306353631849717,0.02848848730415663,0.16397392389915694,5,2,0.0,0.0,0.0,0.0,0.03125,0.0004888385244522,True,False,evaluation_or_label_path,gate5b_id_ton_iot,128,128
id,id8c8771f4,svc_rbf,12,target_shift,label_flip_r_0.100,0.05855000117189478,0.0,0.0,0.0,0.7708957440241865,0.025101752988163594,0.15157275027174463,5,2,0.0,0.0,0.0,0.0,0.04296875,0.0009251517779158,True,False,evaluation_or_label_path,gate2_id_256,256,256
id,id6292a46b,qsvc_z_r1,8,target_shift,label_flip_r_0.100,0.057715291069650676,0.0,0.0,0.0,0.8306353631849717,0.07248635773706891,0.18397295591411708,5,2,0.0,0.0,0.0,0.0,0.03125,0.0004888385244522,True,False,evaluation_or_label_path,gate5a_id_unsw,128,128
id,id6292a46b,qsvc_zz_r1,12,target_shift,label_flip_r_0.100,0.05686986442320006,0.0,0.0,0.0,0.8306353631849717,0.04270539913165703,0.17043615654802077,5,2,0.0,0.0,0.0,0.0,0.03125,0.0004888385244522,True,False,evaluation_or_label_path,gate5a_id_unsw,128,128
id,id6292a46b,qsvc_zz_r1,10,target_shift,label_flip_r_0.100,0.056815764303097246,0.0,0.0,0.0,0.8306353631849717,0.04552932811090531,0.1717197606294973,5,2,0.0,0.0,0.0,0.0,0.03125,0.0004888385244522,True,False,evaluation_or_label_path,gate5a_id_unsw,128,128
id,id6292a46b,qsvc_zz_r1,8,target_shift,label_flip_r_0.100,0.05631197008787294,0.0,0.0,0.0,0.8306353631849717,0.0801153033025251,0.1874406584438699,5,2,0.0,0.0,0.0,0.0,0.03125,0.0004888385244522,True,False,evaluation_or_label_path,gate5a_id_unsw,128,128
id,id8c8771f4,qsvc_zz_r1,10,target_shift,label_flip_prior_preserving_r_0.100,0.05625,0.0,0.0,0.0,0.0,0.020899302254200912,0.009499682842818597,5,2,0.0,0.0,0.0,0.0,0.0,0.0,True,True,evaluation_or_label_path,gate2_id_256,256,256
id,id6292a46b,qsvc_z_r1,10,target_shift,label_flip_r_0.100,0.05570920289391117,0.0,0.0,0.0,0.8306353631849717,0.04358227000363395,0.1708347342171012,5,2,0.0,0.0,0.0,0.0,0.03125,0.0004888385244522,True,False,evaluation_or_label_path,gate5a_id_unsw,128,128
id,id6292a46b,qsvc_z_r1,12,target_shift,label_flip_r_0.100,0.05562321328898197,0.0,0.0,0.0,0.8306353631849717,0.03816599616002912,0.16837279156091717,5,2,0.0,0.0,0.0,0.0,0.03125,0.0004888385244522,True,False,evaluation_or_label_path,gate5a_id_unsw,128,128
id,id6292a46b,qsvc_pauli_xyz_r1,12,target_shift,label_flip_r_0.100,0.053942098787187254,0.0,0.0,0.0,0.8306353631849717,0.0384460339081343,0.16850008144641954,5,2,0.0,0.0,0.0,0.0,0.03125,0.0004888385244522,True,False,evaluation_or_label_path,gate5a_id_unsw,128,128
id,id8c8771f4,qsvc_zz_r1,12,target_shift,label_flip_r_0.100,0.05338014074197507,0.0,0.0,0.0,0.7708957440241865,0.020237357150301193,0.14936166125453446,5,2,0.0,0.0,0.0,0.0,0.04296875,0.0009251517779158,True,False,evaluation_or_label_path,gate2_id_256,256,256
id,id6292a46b,qsvc_zz_r1,8,target_shift,label_flip_prior_preserving_r_0.100,0.053125,0.0,0.0,0.0,0.0,0.058575862601790665,0.026625392091723033,5,2,0.0,0.0,0.0,0.0,0.0,0.0,True,True,evaluation_or_label_path,gate5a_id_unsw,128,128
ood,tr993984ca__teb9107599,svc_rbf,10,target_shift,label_flip_prior_preserving_r_0.100,0.053125,0.0,0.0,0.0,0.0,0.0409196146041038,0.01859982482004718,5,2,0.0,0.0,0.0,0.0,0.0,0.0,True,True,evaluation_or_label_path,gate6_ood_unsw,128,128
id,id6292a46b,svc_rbf,8,target_shift,label_flip_r_0.100,0.05247343997204633,0.0,0.0,0.0,0.8306353631849717,0.07157182520697355,0.1835572593095283,5,2,0.0,0.0,0.0,0.0,0.03125,0.0004888385244522,True,False,evaluation_or_label_path,gate5a_id_unsw,128,128
id,id8c8771f4,qsvc_zz_r1,8,target_shift,label_flip_prior_preserving_r_0.100,0.05234375,0.0,0.0,0.0,0.0,0.018273924361453628,0.008306329255206194,5,2,0.0,0.0,0.0,0.0,0.0,0.0,True,True,evaluation_or_label_path,gate2_id_256,256,256
id,id6292a46b,qsvc_zz_r1,12,target_shift,label_flip_prior_preserving_r_0.100,0.0515625,0.0,0.0,0.0,0.0,0.035922375396571435,0.01632835245298702,5,2,0.0,0.0,0.0,0.0,0.0,0.0,True,True,evaluation_or_label_path,gate5a_id_unsw,128,128
ood,tr993984ca__teb9107599,svc_rbf,12,target_shift,label_flip_prior_preserving_r_0.100,0.0515625,0.0,0.0,0.0,0.0,0.03110421591991498,0.014138279963597716,5,2,0.0,0.0,0.0,0.0,0.0,0.0,True,True,evaluation_or_label_path,gate6_ood_unsw,128,128
ood,tr649b5ffb__te0e535a99,qsvc_zz_r1,12,target_shift,label_flip_r_0.100,0.051197585068215735,0.0,0.0,0.0,0.9031082880500362,0.07890461704976287,0.20006724194080788,5,2,0.0,0.0,0.0,0.0,0.03125,0.0004888385244522,True,False,evaluation_or_label_path,gate3b_ood_tue_fri_portscan,128,128
id,id6292a46b,qsvc_zz_r1,10,target_shift,label_flip_prior_preserving_r_0.100,0.05,0.0,0.0,0.0,0.0,0.03803911813116665,0.017290508241439385,5,2,0.0,0.0,0.0,0.0,0.0,0.0,True,True,evaluation_or_label_path,gate5a_id_unsw,128,128
id,id6292a46b,svc_rbf,8,target_shift,label_flip_prior_preserving_r_0.100,0.05,0.0,0.0,0.0,0.0,0.05794897393008904,0.02634044269549502,5,2,0.0,0.0,0.0,0.0,0.0,0.0,True,True,evaluation_or_label_path,gate5a_id_unsw,128,128
ood,tr993984ca__teb9107599,svc_rbf,8,target_shift,label_flip_prior_preserving_r_0.100,0.05,0.0,0.0,0.0,0.0,0.04655197667627641,0.021159989398307464,5,2,0.0,0.0,0.0,0.0,0.0,0.0,True,True,evaluation_or_label_path,gate6_ood_unsw,128,128
id,id6292a46b,qsvc_pauli_xyz_r1,10,target_shift,label_flip_r_0.100,0.04990657925396797,0.0,0.0,0.0,0.8306353631849717,0.03880041307247946,0.16866116288475824,5,2,0.0,0.0,0.0,0.0,0.03125,0.0004888385244522,True,False,evaluation_or_label_path,gate5a_id_unsw,128,128
id,id6292a46b,svc_rbf,12,target_shift,label_flip_r_0.100,0.04976140497426438,0.0,0.0,0.0,0.8306353631849717,0.03532178073894289,0.16707996636951433,5,2,0.0,0.0,0.0,0.0,0.03125,0.0004888385244522,True,False,evaluation_or_label_path,gate5a_id_unsw,128,128
id,id6292a46b,qsvc_pauli_xyz_r1,8,target_shift,label_flip_r_0.100,0.04958374274131469,0.0,0.0,0.0,0.8306353631849717,0.05836727953271216,0.17755519309395493,5,2,0.0,0.0,0.0,0.0,0.03125,0.0004888385244522,True,False,evaluation_or_label_path,gate5a_id_unsw,128,128
id,id8c8771f4,svc_rbf,10,target_shift,label_flip_r_0.100,0.04927883343698246,0.0,0.0,0.0,0.7708957440241865,0.022901446263058685,0.1505726108512424,5,2,0.0,0.0,0.0,0.0,0.04296875,0.0009251517779158,True,False,evaluation_or_label_path,gate2_id_256,256,256
id,id8c8771f4,svc_rbf,8,target_shift,label_flip_r_0.100,0.0492107559511365,0.0,0.0,0.0,0.7708957440241865,0.021507029934784882,0.14993878524748155,5,2,0.0,0.0,0.0,0.0,0.04296875,0.0009251517779158,True,False,evaluation_or_label_path,gate2_id_256,256,256
id,idcc6a61e9,qsvc_pauli_xyz_r1,12,target_shift,label_flip_r_0.100,0.04855260586517151,0.0,0.0,0.0,0.8306353631849717,0.024859233289895144,0.16232426298358354,5,2,0.0,0.0,0.0,0.0,0.03125,0.0004888385244522,True,False,evaluation_or_label_path,gate5b_id_ton_iot,128,128
id,id6292a46b,qsvc_z_r1,8,target_shift,label_flip_prior_preserving_r_0.100,0.0484375,0.0,0.0,0.0,0.0,0.05409715702420198,0.02458961682918272,5,2,0.0,0.0,0.0,0.0,0.0,0.0,True,True,evaluation_or_label_path,gate5a_id_unsw,128,128
id,id8c8771f4,svc_rbf,8,target_shift,label_flip_prior_preserving_r_0.100,0.0484375,0.0,0.0,0.0,0.0,0.020130553583925768,0.009150251629057167,5,2,0.0,0.0,0.0,0.0,0.0,0.0,True,True,evaluation_or_label_path,gate2_id_256,256,256
id,idcc6a61e9,qsvc_pauli_xyz_r1,12,target_shift,label_flip_prior_preserving_r_0.100,0.0484375,0.0,0.0,0.0,0.0,0.022766450327151355,0.010348386512341526,5,2,0.0,0.0,0.0,0.0,0.0,0.0,True,True,evaluation_or_label_path,gate5b_id_ton_iot,128,128
id,idcc6a61e9,qsvc_z_r1,12,target_shift,label_flip_prior_preserving_r_0.100,0.0484375,0.0,0.0,0.0,0.0,0.022731116618635534,0.010332325735743424,5,2,0.0,0.0,0.0,0.0,0.0,0.0,True,True,evaluation_or_label_path,gate5b_id_ton_iot,128,128
id,idcc6a61e9,svc_rbf,10,target_shift,label_flip_prior_preserving_r_0.100,0.0484375,0.0,0.0,0.0,0.0,0.025316471932145906,0.011507487241884504,5,2,0.0,0.0,0.0,0.0,0.0,0.0,True,True,evaluation_or_label_path,gate5b_id_ton_iot,128,128
id,idcc6a61e9,svc_rbf,12,target_shift,label_flip_prior_preserving_r_0.100,0.0484375,0.0,0.0,0.0,0.0,0.02563135041835663,0.01165061382652574,5,2,0.0,0.0,0.0,0.0,0.0,0.0,True,True,evaluation_or_label_path,gate5b_id_ton_iot,128,128
ood,tr649b5ffb__te0e535a99,qsvc_zz_r1,12,target_shift,label_flip_prior_preserving_r_0.100,0.0484375,0.0,0.0,0.0,0.0,0.02187882321048093,0.009944919641127696,5,2,0.0,0.0,0.0,0.0,0.0,0.0,True,True,evaluation_or_label_path,gate3b_ood_tue_fri_portscan,128,128
ood,tr993984ca__teb9107599,qsvc_zz_r1,10,target_shift,label_flip_prior_preserving_r_0.100,0.0484375,0.0,0.0,0.0,0.0,0.03783877034167969,0.017199441064399863,5,2,0.0,0.0,0.0,0.0,0.0,0.0,True,True,evaluation_or_label_path,gate6_ood_unsw,128,128
ood,tr993984ca__teb9107599,qsvc_zz_r1,12,target_shift,label_flip_prior_preserving_r_0.100,0.0484375,0.0,0.0,0.0,0.0,0.02933611660624063,0.013334598457382104,5,2,0.0,0.0,0.0,0.0,0.0,0.0,True,True,evaluation_or_label_path,gate6_ood_unsw,128,128
id,id6292a46b,svc_rbf,10,target_shift,label_flip_r_0.100,0.04790471201028766,0.0,0.0,0.0,0.8306353631849717,0.03676016181504509,0.1677337759495608,5,2,0.0,0.0,0.0,0.0,0.03125,0.0004888385244522,True,False,evaluation_or_label_path,gate5a_id_unsw,128,128
id,id8c8771f4,qsvc_zz_r1,8,target_shift,label_flip_r_0.100,0.047781803658282565,0.0,0.0,0.0,0.7708957440241865,0.017899290126518037,0.1482989035164512,5,2,0.0,0.0,0.0,0.0,0.04296875,0.0009251517779158,True,False,evaluation_or_label_path,gate2_id_256,256,256
id,id8c8771f4,qsvc_zz_r1,10,target_shift,label_flip_r_0.100,0.04750148641619288,0.0,0.0,0.0,0.7708957440241865,0.018411695189873116,0.1485318149088853,5,2,0.0,0.0,0.0,0.0,0.04296875,0.0009251517779158,True,False,evaluation_or_label_path,gate2_id_256,256,256
id,idcc6a61e9,svc_rbf,12,target_shift,label_flip_r_0.100,0.04726208140450266,0.0,0.0,0.0,0.8306353631849717,0.02575765281382373,0.16273263549446018,5,2,0.0,0.0,0.0,0.0,0.03125,0.0004888385244522,True,False,evaluation_or_label_path,gate5b_id_ton_iot,128,128
id,id6292a46b,qsvc_z_r1,10,target_shift,label_flip_prior_preserving_r_0.100,0.046875,0.0,0.0,0.0,0.0,0.03170256307512222,0.014410255943237374,5,2,0.0,0.0,0.0,0.0,0.0,0.0,True,True,evaluation_or_label_path,gate5a_id_unsw,128,128
id,id6292a46b,qsvc_z_r1,12,target_shift,label_flip_prior_preserving_r_0.100,0.046875,0.0,0.0,0.0,0.0,0.03114808331362275,0.014158219688010343,5,2,0.0,0.0,0.0,0.0,0.0,0.0,True,True,evaluation_or_label_path,gate5a_id_unsw,128,128
id,id6292a46b,svc_rbf,10,target_shift,label_flip_prior_preserving_r_0.100,0.046875,0.0,0.0,0.0,0.0,0.03581613925275179,0.01628006329670536,5,2,0.0,0.0,0.0,0.0,0.0,0.0,True,True,evaluation_or_label_path,gate5a_id_unsw,128,128
id,id8c8771f4,svc_rbf,10,target_shift,label_flip_prior_preserving_r_0.100,0.046875,0.0,0.0,0.0,0.0,0.0219668304570561,0.0099849229350255,5,2,0.0,0.0,0.0,0.0,0.0,0.0,True,True,evaluation_or_label_path,gate2_id_256,256,256
ood,tr993984ca__teb9107599,qsvc_zz_r1,8,target_shift,label_flip_prior_preserving_r_0.100,0.046875,0.0,0.0,0.0,0.0,0.0431236646176551,0.019601665735297775,5,2,0.0,0.0,0.0,0.0,0.0,0.0,True,True,evaluation_or_label_path,gate6_ood_unsw,128,128
id,idcc6a61e9,qsvc_zz_r1,10,target_shift,label_flip_r_0.050,0.046354549527288916,0.0,0.0,0.0,0.5235872621545179,0.02655234301416292,0.10726693085271366,5,2,0.0,0.0,0.0,0.0,0.0390625,0.0007643013153583,True,False,evaluation_or_label_path,gate5b_id_ton_iot,128,128
id,idcc6a61e9,qsvc_z_r1,12,target_shift,label_flip_r_0.100,0.04606984445946994,0.0,0.0,0.0,0.8306353631849717,0.0246179397932264,0.1622145841214614,5,2,0.0,0.0,0.0,0.0,0.03125,0.0004888385244522,True,False,evaluation_or_label_path,gate5b_id_ton_iot,128,128
ood,tr993984ca__teb9107599,qsvc_zz_r1,12,target_shift,label_flip_r_0.100,0.045852231466463465,0.0,0.0,0.0,0.8531189888323967,0.031148972237914553,0.16927116716857873,5,2,0.0,0.0,0.0,0.0,0.046875,0.0011014601470781,True,False,evaluation_or_label_path,gate6_ood_unsw,128,128
id,id6292a46b,qsvc_pauli_xyz_r1,12,target_shift,label_flip_prior_preserving_r_0.100,0.0453125,0.0,0.0,0.0,0.0,0.03341841816098303,0.015190190073174107,5,2,0.0,0.0,0.0,0.0,0.0,0.0,True,True,evaluation_or_label_path,gate5a_id_unsw,128,128
id,id6292a46b,svc_rbf,12,target_shift,label_flip_prior_preserving_r_0.100,0.0453125,0.0,0.0,0.0,0.0,0.030357365603033048,0.013798802546833206,5,2,0.0,0.0,0.0,0.0,0.0,0.0,True,True,evaluation_or_label_path,gate5a_id_unsw,128,128
id,idcc6a61e9,qsvc_pauli_xyz_r1,10,target_shift,label_flip_prior_preserving_r_0.100,0.0453125,0.0,0.0,0.0,0.0,0.022938548202417017,0.010426612819280461,5,2,0.0,0.0,0.0,0.0,0.0,0.0,True,True,evaluation_or_label_path,gate5b_id_ton_iot,128,128
id,idcc6a61e9,qsvc_z_r1,10,target_shift,label_flip_prior_preserving_r_0.100,0.0453125,0.0,0.0,0.0,0.0,0.02324062208489979,0.010563919129499905,5,2,0.0,0.0,0.0,0.0,0.0,0.0,True,True,evaluation_or_label_path,gate5b_id_ton_iot,128,128
id,idcc6a61e9,qsvc_zz_r1,12,target_shift,label_flip_r_0.050,0.044681103709821327,0.0,0.0,0.0,0.5235872621545179,0.024878359464308684,0.10650602923914354,5,2,0.0,0.0,0.0,0.0,0.0390625,0.0007643013153583,True,False,evaluation_or_label_path,gate5b_id_ton_iot,128,128
id,idcc6a61e9,svc_rbf,10,target_shift,label_flip_r_0.100,0.044637466611109435,0.0,0.0,0.0,0.8306353631849717,0.02555971655815518,0.1626426644691563,5,2,0.0,0.0,0.0,0.0,0.03125,0.0004888385244522,True,False,evaluation_or_label_path,gate5b_id_ton_iot,128,128
ood,tr993984ca__teb9107599,svc_rbf,10,target_shift,label_flip_r_0.100,0.04433207003949393,0.0,0.0,0.0,0.8531189888323967,0.042191023386054446,0.17429028132682414,5,2,0.0,0.0,0.0,0.0,0.046875,0.0011014601470781,True,False,evaluation_or_label_path,gate6_ood_unsw,128,128
id,id6292a46b,qsvc_pauli_xyz_r1,8,target_shift,label_flip_prior_preserving_r_0.100,0.04375,0.0,0.0,0.0,0.0,0.048608892902247645,0.022094951319203474,5,2,0.0,0.0,0.0,0.0,0.0,0.0,True,True,evaluation_or_label_path,gate5a_id_unsw,128,128
ood,tr993984ca__teb9107599,qsvc_zz_r1,10,target_shift,label_flip_r_0.100,0.0429490910022873,0.0,0.0,0.0,0.8531189888323967,0.0363996260428694,0.17165782798901275,5,2,0.0,0.0,0.0,0.0,0.046875,0.0011014601470781,True,False,evaluation_or_label_path,gate6_ood_unsw,128,128
ood,tr649b5ffb__te0e535a99,qsvc_zz_r1,12,target_shift,label_flip_r_0.050,0.04293455536399084,0.0,0.0,0.0,0.23677225212933703,0.0418724520175325,0.06208243312239423,5,2,0.0,0.0,0.0,0.0,0.015625,0.0001221050969211,True,False,evaluation_or_label_path,gate3b_ood_tue_fri_portscan,128,128
ood,tr993984ca__teb9107599,svc_rbf,8,target_shift,label_flip_r_0.100,0.04279182301448646,0.0,0.0,0.0,0.8531189888323967,0.05189327826813358,0.17870039718231465,5,2,0.0,0.0,0.0,0.0,0.046875,0.0011014601470781,True,False,evaluation_or_label_path,gate6_ood_unsw,128,128
ood,tr993984ca__teb9107599,svc_rbf,12,target_shift,label_flip_r_0.100,0.04233498118275913,0.0,0.0,0.0,0.8531189888323967,0.030609043825318018,0.169025745162853,5,2,0.0,0.0,0.0,0.0,0.046875,0.0011014601470781,True,False,evaluation_or_label_path,gate6_ood_unsw,128,128
id,id6292a46b,qsvc_pauli_xyz_r1,10,target_shift,label_flip_prior_preserving_r_0.100,0.0421875,0.0,0.0,0.0,0.0,0.03232787234780003,0.014694487430818196,5,2,0.0,0.0,0.0,0.0,0.0,0.0,True,True,evaluation_or_label_path,gate5a_id_unsw,128,128
ood,tr649b5ffb__te0e535a99,qsvc_zz_r1,10,target_shift,label_flip_r_0.100,0.04211232836215184,0.0,0.0,0.0,0.9031082880500362,0.08843457317807762,0.20439904018095095,5,2,0.0,0.0,0.0,0.0,0.03125,0.0004888385244522,True,False,evaluation_or_label_path,gate3b_ood_tue_fri_portscan,128,128
id,idcc6a61e9,qsvc_pauli_xyz_r1,10,target_shift,label_flip_r_0.100,0.04193829317482404,0.0,0.0,0.0,0.8306353631849717,0.024130280007568707,0.16199292058252607,5,2,0.0,0.0,0.0,0.0,0.03125,0.0004888385244522,True,False,evaluation_or_label_path,gate5b_id_ton_iot,128,128
ood,tr649b5ffb__te0e535a99,qsvc_zz_r1,10,target_shift,label_flip_prior_preserving_r_0.100,0.040625,0.0,0.0,0.0,0.0,0.022189187173980943,0.010085994169991338,5,2,0.0,0.0,0.0,0.0,0.0,0.0,True,True,evaluation_or_label_path,gate3b_ood_tue_fri_portscan,128,128
ood,tr993984ca__teb9107599,qsvc_zz_r1,8,target_shift,label_flip_r_0.100,0.03982415217684123,0.0,0.0,0.0,0.8531189888323967,0.04533385963200741,0.17571884325680273,5,2,0.0,0.0,0.0,0.0,0.046875,0.0011014601470781,True,False,evaluation_or_label_path,gate6_ood_unsw,128,128
id,id6292a46b,qsvc_pauli_xyz_r1,10,target_shift,label_flip_r_0.050,0.03981266613288474,0.0,0.0,0.0,0.5235872621545179,0.03186140050267323,0.10968013880203653,5,2,0.0,0.0,0.0,0.0,0.0390625,0.0007643013153583,True,False,evaluation_or_label_path,gate5a_id_unsw,128,128
id,id6292a46b,qsvc_pauli_xyz_r1,8,target_shift,label_flip_r_0.050,0.03948805711434393,0.0,0.0,0.0,0.5235872621545179,0.047496807647686524,0.11678714204976984,5,2,0.0,0.0,0.0,0.0,0.0390625,0.0007643013153583,True,False,evaluation_or_label_path,gate5a_id_unsw,128,128
id,id6292a46b,qsvc_pauli_xyz_r1,12,target_shift,label_flip_r_0.050,0.03930493945324034,0.0,0.0,0.0,0.5235872621545179,0.02863981484025906,0.10821578168275736,5,2,0.0,0.0,0.0,0.0,0.0390625,0.0007643013153583,True,False,evaluation_or_label_path,gate5a_id_unsw,128,128
id,idcc6a61e9,qsvc_z_r1,10,target_shift,label_flip_r_0.100,0.039202960179989796,0.0,0.0,0.0,0.8306353631849717,0.02283121010771602,0.16140243426441123,5,2,0.0,0.0,0.0,0.0,0.03125,0.0004888385244522,True,False,evaluation_or_label_path,gate5b_id_ton_iot,128,128
id,id8c8771f4,svc_rbf,12,target_shift,label_flip_r_0.050,0.038445653414015,0.0,0.0,0.0,0.6256767887215244,0.01591905126903376,0.12099534852620161,5,2,0.0,0.0,0.0,0.0,0.03125,0.0004888385244522,True,False,evaluation_or_label_path,gate2_id_256,256,256
id,idcc6a61e9,qsvc_pauli_xyz_r1,8,target_shift,label_flip_prior_preserving_r_0.100,0.0375,0.0,0.0,0.0,0.0,0.01893561886143204,0.00860709948246911,5,2,0.0,0.0,0.0,0.0,0.0,0.0,True,True,evaluation_or_label_path,gate5b_id_ton_iot,128,128
id,idcc6a61e9,qsvc_zz_r1,8,target_shift,label_flip_r_0.050,0.03688953725078736,0.0,0.0,0.0,0.5235872621545179,0.020172532451552865,0.10436701696061819,5,2,0.0,0.0,0.0,0.0,0.0390625,0.0007643013153583,True,False,evaluation_or_label_path,gate5b_id_ton_iot,128,128
id,id6292a46b,qsvc_z_r1,8,target_shift,label_flip_r_0.050,0.03567485510817612,0.0,0.0,0.0,0.5235872621545179,0.04275668153905166,0.11463253927311763,5,2,0.0,0.0,0.0,0.0,0.0390625,0.0007643013153583,True,False,evaluation_or_label_path,gate5a_id_unsw,128,128
ood,tr993984ca__teb9107599,svc_rbf,12,target_shift,label_flip_r_0.050,0.03499211045292439,0.0,0.0,0.0,0.4147281550477782,0.021864010357943726,0.08534330562593409,5,2,0.0,0.0,0.0,0.0,0.0234375,0.0002748343945789,True,False,evaluation_or_label_path,gate6_ood_unsw,128,128
id,id8c8771f4,svc_rbf,10,target_shift,label_flip_r_0.050,0.03472715056246251,0.0,0.0,0.0,0.6256767887215244,0.017082125200338714,0.12152401849497659,5,2,0.0,0.0,0.0,0.0,0.03125,0.0004888385244522,True,False,evaluation_or_label_path,gate2_id_256,256,256
id,idcc6a61e9,qsvc_z_r1,8,target_shift,label_flip_prior_preserving_r_0.100,0.034375,0.0,0.0,0.0,0.0,0.01702938502457974,0.007740629556627155,5,2,0.0,0.0,0.0,0.0,0.0,0.0,True,True,evaluation_or_label_path,gate5b_id_ton_iot,128,128
ood,tr993984ca__teb9107599,qsvc_zz_r1,12,target_shift,label_flip_r_0.050,0.034367643593381195,0.0,0.0,0.0,0.4147281550477782,0.02222171744138711,0.085505899754772,5,2,0.0,0.0,0.0,0.0,0.0234375,0.0002748343945789,True,False,evaluation_or_label_path,gate6_ood_unsw,128,128
id,id6292a46b,qsvc_z_r1,12,target_shift,label_flip_r_0.050,0.03418055393600617,0.0,0.0,0.0,0.5235872621545179,0.026220532782974405,0.10711610802035523,5,2,0.0,0.0,0.0,0.0,0.0390625,0.0007643013153583,True,False,evaluation_or_label_path,gate5a_id_unsw,128,128
id,id8c8771f4,svc_rbf,8,target_shift,label_flip_r_0.050,0.034013952073656914,0.0,0.0,0.0,0.6256767887215244,0.014919848656741019,0.120541165520614,5,2,0.0,0.0,0.0,0.0,0.03125,0.0004888385244522,True,False,evaluation_or_label_path,gate2_id_256,256,256
id,id6292a46b,qsvc_zz_r1,8,target_shift,label_flip_r_0.050,0.03365270151210537,0.0,0.0,0.0,0.5235872621545179,0.043575078529943564,0.11500453790534122,5,2,0.0,0.0,0.0,0.0,0.0390625,0.0007643013153583,True,False,evaluation_or_label_path,gate5a_id_unsw,128,128
ood,tr993984ca__teb9107599,svc_rbf,10,target_shift,label_flip_r_0.050,0.03325825075821371,0.0,0.0,0.0,0.4147281550477782,0.02119617827535473,0.08503974558839364,5,2,0.0,0.0,0.0,0.0,0.0234375,0.0002748343945789,True,False,evaluation_or_label_path,gate6_ood_unsw,128,128
id,id6292a46b,qsvc_zz_r1,12,target_shift,label_flip_r_0.050,0.03294079330696907,0.0,0.0,0.0,0.5235872621545179,0.02617872925660983,0.10709710641746226,5,2,0.0,0.0,0.0,0.0,0.0390625,0.0007643013153583,True,False,evaluation_or_label_path,gate5a_id_unsw,128,128
ood,tr993984ca__teb9107599,qsvc_zz_r1,10,target_shift,label_flip_r_0.050,0.03285681989485892,0.0,0.0,0.0,0.4147281550477782,0.021828712684506,0.08532726122891696,5,2,0.0,0.0,0.0,0.0,0.0234375,0.0002748343945789,True,False,evaluation_or_label_path,gate6_ood_unsw,128,128
id,id6292a46b,qsvc_zz_r1,10,target_shift,label_flip_r_0.050,0.032702938447377386,0.0,0.0,0.0,0.5235872621545179,0.030788013216596532,0.10919223549018349,5,2,0.0,0.0,0.0,0.0,0.0390625,0.0007643013153583,True,False,evaluation_or_label_path,gate5a_id_unsw,128,128
id,id6292a46b,qsvc_z_r1,10,target_shift,label_flip_r_0.050,0.03268469428490456,0.0,0.0,0.0,0.5235872621545179,0.027987315528107633,0.10791919108632489,5,2,0.0,0.0,0.0,0.0,0.0390625,0.0007643013153583,True,False,evaluation_or_label_path,gate5a_id_unsw,128,128
id,idcc6a61e9,qsvc_z_r1,12,target_shift,label_flip_r_0.050,0.03237158821122041,0.0,0.0,0.0,0.5235872621545179,0.016244732435115455,0.102581653316783,5,2,0.0,0.0,0.0,0.0,0.0390625,0.0007643013153583,True,False,evaluation_or_label_path,gate5b_id_ton_iot,128,128
id,id8c8771f4,qsvc_zz_r1,12,target_shift,label_flip_r_0.050,0.032162533390417844,0.0,0.0,0.0,0.6256767887215244,0.01268272672765398,0.11952429191648353,5,2,0.0,0.0,0.0,0.0,0.03125,0.0004888385244522,True,False,evaluation_or_label_path,gate2_id_256,256,256
id,idcc6a61e9,qsvc_pauli_xyz_r1,12,target_shift,label_flip_r_0.050,0.032054932105596165,0.0,0.0,0.0,0.5235872621545179,0.01572096429501895,0.10234357688946641,5,2,0.0,0.0,0.0,0.0,0.0390625,0.0007643013153583,True,False,evaluation_or_label_path,gate5b_id_ton_iot,128,128
id,id8c8771f4,qsvc_zz_r1,8,target_shift,label_flip_r_0.050,0.031930596841879585,0.0,0.0,0.0,0.6256767887215244,0.012342978414926448,0.11936986086524375,5,2,0.0,0.0,0.0,0.0,0.03125,0.0004888385244522,True,False,evaluation_or_label_path,gate2_id_256,256,256
ood,tr993984ca__teb9107599,svc_rbf,8,target_shift,label_flip_r_0.050,0.03168000281828566,0.0,0.0,0.0,0.4147281550477782,0.028219563496452105,0.08823219341616519,5,2,0.0,0.0,0.0,0.0,0.0234375,0.0002748343945789,True,False,evaluation_or_label_path,gate6_ood_unsw,128,128
ood,tr993984ca__teb9107599,qsvc_zz_r1,8,target_shift,label_flip_r_0.050,0.031502205822320876,0.0,0.0,0.0,0.4147281550477782,0.028895128664260743,0.08853926849244184,5,2,0.0,0.0,0.0,0.0,0.0234375,0.0002748343945789,True,False,evaluation_or_label_path,gate6_ood_unsw,128,128
id,idcc6a61e9,qsvc_zz_r1,8,target_shift,label_flip_prior_preserving_r_0.050,0.03125,0.0,0.0,0.0,0.0,0.013394797529139111,0.006088544331426868,5,2,0.0,0.0,0.0,0.0,0.0,0.0,True,True,evaluation_or_label_path,gate5b_id_ton_iot,128,128
id,idcc6a61e9,qsvc_zz_r1,10,target_shift,label_flip_prior_preserving_r_0.050,0.03125,0.0,0.0,0.0,0.0,0.015547723708917643,0.007067147140417111,5,2,0.0,0.0,0.0,0.0,0.0,0.0,True,True,evaluation_or_label_path,gate5b_id_ton_iot,128,128
id,idcc6a61e9,qsvc_zz_r1,12,target_shift,label_flip_prior_preserving_r_0.050,0.03125,0.0,0.0,0.0,0.0,0.015520340967830776,0.007054700439923079,5,2,0.0,0.0,0.0,0.0,0.0,0.0,True,True,evaluation_or_label_path,gate5b_id_ton_iot,128,128
id,id8c8771f4,qsvc_zz_r1,10,target_shift,label_flip_r_0.050,0.03067314103952417,0.0,0.0,0.0,0.6256767887215244,0.012808456473126973,0.11958144180078942,5,2,0.0,0.0,0.0,0.0,0.03125,0.0004888385244522,True,False,evaluation_or_label_path,gate2_id_256,256,256
id,id6292a46b,svc_rbf,8,target_shift,label_flip_r_0.050,0.030508240657912883,0.0,0.0,0.0,0.5235872621545179,0.041074869449176724,0.11386807923226538,5,2,0.0,0.0,0.0,0.0,0.0390625,0.0007643013153583,True,False,evaluation_or_label_path,gate5a_id_unsw,128,128
ood,tr649b5ffb__te0e535a99,qsvc_zz_r1,10,target_shift,label_flip_r_0.050,0.03038733164237195,0.0,0.0,0.0,0.23677225212933703,0.03877698405421725,0.060675402229978206,5,2,0.0,0.0,0.0,0.0,0.015625,0.0001221050969211,True,False,evaluation_or_label_path,gate3b_ood_tue_fri_portscan,128,128
ood,tr993984ca__teb9107599,svc_rbf,8,target_shift,label_flip_prior_preserving_r_0.050,0.0296875,0.0,0.0,0.0,0.0,0.026841173196582902,0.012200533271174045,5,2,0.0,0.0,0.0,0.0,0.0,0.0,True,True,evaluation_or_label_path,gate6_ood_unsw,128,128
id,id6292a46b,svc_rbf,10,target_shift,label_flip_r_0.050,0.02913074283440894,0.0,0.0,0.0,0.5235872621545179,0.025829444272961223,0.1069383405158038,5,2,0.0,0.0,0.0,0.0,0.0390625,0.0007643013153583,True,False,evaluation_or_label_path,gate5a_id_unsw,128,128
id,id6292a46b,svc_rbf,12,target_shift,label_flip_r_0.050,0.028833356775507014,0.0,0.0,0.0,0.5235872621545179,0.022294935712547717,0.10533174571561583,5,2,0.0,0.0,0.0,0.0,0.0390625,0.0007643013153583,True,False,evaluation_or_label_path,gate5a_id_unsw,128,128
ood,tr993984ca__teb9107599,svc_rbf,10,target_shift,label_flip_prior_preserving_r_0.050,0.028125,0.0,0.0,0.0,0.0,0.01940340651910144,0.008819730235955201,5,2,0.0,0.0,0.0,0.0,0.0,0.0,True,True,evaluation_or_label_path,gate6_ood_unsw,128,128
ood,tr993984ca__teb9107599,svc_rbf,12,target_shift,label_flip_prior_preserving_r_0.050,0.028125,0.0,0.0,0.0,0.0,0.017013755129108136,0.007733525058685517,5,2,0.0,0.0,0.0,0.0,0.0,0.0,True,True,evaluation_or_label_path,gate6_ood_unsw,128,128
id,id8c8771f4,svc_rbf,12,target_shift,label_flip_prior_preserving_r_0.050,0.02734375,0.0,0.0,0.0,0.0,0.01078158488181394,0.0049007204008245184,5,2,0.0,0.0,0.0,0.0,0.0,0.0,True,True,evaluation_or_label_path,gate2_id_256,256,256
id,id8c8771f4,svc_rbf,8,target_shift,label_flip_prior_preserving_r_0.050,0.0265625,0.0,0.0,0.0,0.0,0.010605447267334034,0.004820657848788197,5,2,0.0,0.0,0.0,0.0,0.0,0.0,True,True,evaluation_or_label_path,gate2_id_256,256,256
id,id8c8771f4,svc_rbf,10,target_shift,label_flip_prior_preserving_r_0.050,0.0265625,0.0,0.0,0.0,0.0,0.011715464638425696,0.005325211199284407,5,2,0.0,0.0,0.0,0.0,0.0,0.0,True,True,evaluation_or_label_path,gate2_id_256,256,256
id,idcc6a61e9,qsvc_pauli_xyz_r1,12,target_shift,label_flip_prior_preserving_r_0.050,0.0265625,0.0,0.0,0.0,0.0,0.012112749099349358,0.0055057950451587985,5,2,0.0,0.0,0.0,0.0,0.0,0.0,True,True,evaluation_or_label_path,gate5b_id_ton_iot,128,128
id,id8c8771f4,qsvc_zz_r1,8,target_shift,label_flip_prior_preserving_r_0.050,0.02578125,0.0,0.0,0.0,0.0,0.008646916842344919,0.003930416746520418,5,2,0.0,0.0,0.0,0.0,0.0,0.0,True,True,evaluation_or_label_path,gate2_id_256,256,256
id,id8c8771f4,qsvc_zz_r1,10,target_shift,label_flip_prior_preserving_r_0.050,0.02578125,0.0,0.0,0.0,0.0,0.009186120073616577,0.004175509124371171,5,2,0.0,0.0,0.0,0.0,0.0,0.0,True,True,evaluation_or_label_path,gate2_id_256,256,256
id,idcc6a61e9,qsvc_pauli_xyz_r1,10,target_shift,label_flip_r_0.050,0.0257789662767954,0.0,0.0,0.0,0.5235872621545179,0.015220564451208484,0.10211612241500709,5,2,0.0,0.0,0.0,0.0,0.0390625,0.0007643013153583,True,False,evaluation_or_label_path,gate5b_id_ton_iot,128,128
id,id6292a46b,qsvc_pauli_xyz_r1,12,target_shift,label_flip_prior_preserving_r_0.050,0.025,0.0,0.0,0.0,0.0,0.016378078109439437,0.007444580958836107,5,2,0.0,0.0,0.0,0.0,0.0,0.0,True,True,evaluation_or_label_path,gate5a_id_unsw,128,128
id,idcc6a61e9,qsvc_pauli_xyz_r1,8,target_shift,label_flip_r_0.050,0.02448540065932146,0.0,0.0,0.0,0.5235872621545179,0.013465061764193311,0.10131816664818202,5,2,0.0,0.0,0.0,0.0,0.0390625,0.0007643013153583,True,False,evaluation_or_label_path,gate5b_id_ton_iot,128,128
id,idcc6a61e9,svc_rbf,12,target_shift,label_flip_r_0.050,0.024480316882832812,0.0,0.0,0.0,0.5235872621545179,0.014359384923418228,0.10172467717510243,5,2,0.0,0.0,0.0,0.0,0.0390625,0.0007643013153583,True,False,evaluation_or_label_path,gate5b_id_ton_iot,128,128
id,idcc6a61e9,svc_rbf,8,target_shift,label_flip_r_0.100,0.02417553399987474,0.0,0.0,0.0,0.8306353631849717,0.012588329731308556,0.15674657954786236,5,2,0.0,0.0,0.0,0.0,0.03125,0.0004888385244522,True,False,evaluation_or_label_path,gate5b_id_ton_iot,128,128
id,idcc6a61e9,qsvc_z_r1,10,target_shift,label_flip_r_0.050,0.02362026890677067,0.0,0.0,0.0,0.5235872621545179,0.015259373920277607,0.10213376308276578,5,2,0.0,0.0,0.0,0.0,0.0390625,0.0007643013153583,True,False,evaluation_or_label_path,gate5b_id_ton_iot,128,128
id,id6292a46b,qsvc_pauli_xyz_r1,10,target_shift,label_flip_prior_preserving_r_0.050,0.0234375,0.0,0.0,0.0,0.0,0.016337309296025594,0.007426049680011634,5,2,0.0,0.0,0.0,0.0,0.0,0.0,True,True,evaluation_or_label_path,gate5a_id_unsw,128,128
id,id6292a46b,qsvc_zz_r1,10,target_shift,label_flip_prior_preserving_r_0.050,0.0234375,0.0,0.0,0.0,0.0,0.016767230052043645,0.007621468205474384,5,2,0.0,0.0,0.0,0.0,0.0,0.0,True,True,evaluation_or_label_path,gate5a_id_unsw,128,128
id,idcc6a61e9,qsvc_z_r1,12,target_shift,label_flip_prior_preserving_r_0.050,0.0234375,0.0,0.0,0.0,0.0,0.01083011612548019,0.004922780057036449,5,2,0.0,0.0,0.0,0.0,0.0,0.0,True,True,evaluation_or_label_path,gate5b_id_ton_iot,128,128
ood,tr993984ca__teb9107599,qsvc_zz_r1,8,target_shift,label_flip_prior_preserving_r_0.050,0.0234375,0.0,0.0,0.0,0.0,0.02126455900003335,0.009665708636378795,5,2,0.0,0.0,0.0,0.0,0.0,0.0,True,True,evaluation_or_label_path,gate6_ood_unsw,128,128
id,idcc6a61e9,qsvc_zz_r1,12,target_shift,label_flip_r_0.020,0.02275128657185108,0.0,0.0,0.0,0.302255259159836,0.011516172347073214,0.06019012545954892,5,2,0.0,0.0,0.0,0.0,0.015625,0.0001221050969211,True,False,evaluation_or_label_path,gate5b_id_ton_iot,128,128
id,idcc6a61e9,qsvc_zz_r1,10,target_shift,label_flip_r_0.020,0.02272886443753376,0.0,0.0,0.0,0.302255259159836,0.012057342216281181,0.06043611176373435,5,2,0.0,0.0,0.0,0.0,0.015625,0.0001221050969211,True,False,evaluation_or_label_path,gate5b_id_ton_iot,128,128
id,id8c8771f4,qsvc_zz_r1,12,target_shift,label_flip_prior_preserving_r_0.050,0.02265625,0.0,0.0,0.0,0.0,0.007877979165032935,0.003580899620469516,5,2,0.0,0.0,0.0,0.0,0.0,0.0,True,True,evaluation_or_label_path,gate2_id_256,256,256
id,idcc6a61e9,qsvc_zz_r1,8,target_shift,label_flip_r_0.020,0.022451479971641243,0.0,0.0,0.0,0.302255259159836,0.010755224149476897,0.05984423991518695,5,2,0.0,0.0,0.0,0.0,0.015625,0.0001221050969211,True,False,evaluation_or_label_path,gate5b_id_ton_iot,128,128
id,id6292a46b,qsvc_pauli_xyz_r1,8,target_shift,label_flip_prior_preserving_r_0.050,0.021875,0.0,0.0,0.0,0.0,0.021053617391028477,0.009569826086831126,5,2,0.0,0.0,0.0,0.0,0.0,0.0,True,True,evaluation_or_label_path,gate5a_id_unsw,128,128
id,id6292a46b,qsvc_z_r1,10,target_shift,label_flip_prior_preserving_r_0.050,0.021875,0.0,0.0,0.0,0.0,0.017666913415306428,0.00803041518877565,5,2,0.0,0.0,0.0,0.0,0.0,0.0,True,True,evaluation_or_label_path,gate5a_id_unsw,128,128
id,id6292a46b,qsvc_z_r1,12,target_shift,label_flip_prior_preserving_r_0.050,0.021875,0.0,0.0,0.0,0.0,0.013997822895793998,0.0063626467708154544,5,2,0.0,0.0,0.0,0.0,0.0,0.0,True,True,evaluation_or_label_path,gate5a_id_unsw,128,128
id,id6292a46b,qsvc_zz_r1,12,target_shift,label_flip_prior_preserving_r_0.050,0.021875,0.0,0.0,0.0,0.0,0.01493128297530659,0.00678694680695754,5,2,0.0,0.0,0.0,0.0,0.0,0.0,True,True,evaluation_or_label_path,gate5a_id_unsw,128,128
id,idcc6a61e9,qsvc_pauli_xyz_r1,8,target_shift,label_flip_prior_preserving_r_0.050,0.021875,0.0,0.0,0.0,0.0,0.009659926139588354,0.004390875517994707,5,2,0.0,0.0,0.0,0.0,0.0,0.0,True,True,evaluation_or_label_path,gate5b_id_ton_iot,128,128
id,idcc6a61e9,svc_rbf,12,target_shift,label_flip_prior_preserving_r_0.050,0.021875,0.0,0.0,0.0,0.0,0.010621327481642451,0.004827876128019296,5,2,0.0,0.0,0.0,0.0,0.0,0.0,True,True,evaluation_or_label_path,gate5b_id_ton_iot,128,128
ood,tr993984ca__teb9107599,qsvc_zz_r1,10,target_shift,label_flip_prior_preserving_r_0.050,0.021875,0.0,0.0,0.0,0.0,0.015461023092777543,0.007027737769444336,5,2,0.0,0.0,0.0,0.0,0.0,0.0,True,True,evaluation_or_label_path,gate6_ood_unsw,128,128
ood,tr993984ca__teb9107599,qsvc_zz_r1,12,target_shift,label_flip_prior_preserving_r_0.050,0.021875,0.0,0.0,0.0,0.0,0.01298902083986558,0.005904100381757082,5,2,0.0,0.0,0.0,0.0,0.0,0.0,True,True,evaluation_or_label_path,gate6_ood_unsw,128,128
ood,tr649b5ffb__te0e535a99,qsvc_zz_r1,8,target_shift,label_flip_r_0.100,0.02154562660221446,0.0,0.0,0.0,0.9031082880500362,0.09525930701266291,0.20750119192394428,5,2,0.0,0.0,0.0,0.0,0.03125,0.0004888385244522,True,False,evaluation_or_label_path,gate3b_ood_tue_fri_portscan,128,128
id,idcc6a61e9,qsvc_z_r1,8,target_shift,label_flip_r_0.050,0.02135672378064456,0.0,0.0,0.0,0.5235872621545179,0.012254662929385634,0.10076798535963308,5,2,0.0,0.0,0.0,0.0,0.0390625,0.0007643013153583,True,False,evaluation_or_label_path,gate5b_id_ton_iot,128,128
id,idcc6a61e9,svc_rbf,10,target_shift,label_flip_r_0.050,0.02098018968223227,0.0,0.0,0.0,0.5235872621545179,0.014197971065816103,0.10165130723982874,5,2,0.0,0.0,0.0,0.0,0.0390625,0.0007643013153583,True,False,evaluation_or_label_path,gate5b_id_ton_iot,128,128
id,idcc6a61e9,qsvc_z_r1,8,target_shift,label_flip_r_0.100,0.02076739020012322,0.0,0.0,0.0,0.8306353631849717,0.010017558914593116,0.15557804735844627,5,2,0.0,0.0,0.0,0.0,0.03125,0.0004888385244522,True,False,evaluation_or_label_path,gate5b_id_ton_iot,128,128
id,id6292a46b,qsvc_z_r1,8,target_shift,label_flip_prior_preserving_r_0.050,0.0203125,0.0,0.0,0.0,0.0,0.01902188761415548,0.008646312551888854,5,2,0.0,0.0,0.0,0.0,0.0,0.0,True,True,evaluation_or_label_path,gate5a_id_unsw,128,128
id,id6292a46b,svc_rbf,8,target_shift,label_flip_prior_preserving_r_0.050,0.0203125,0.0,0.0,0.0,0.0,0.02115652355341256,0.009616601615187527,5,2,0.0,0.0,0.0,0.0,0.0,0.0,True,True,evaluation_or_label_path,gate5a_id_unsw,128,128
id,id6292a46b,svc_rbf,10,target_shift,label_flip_prior_preserving_r_0.050,0.0203125,0.0,0.0,0.0,0.0,0.014173665257788872,0.00644257511717676,5,2,0.0,0.0,0.0,0.0,0.0,0.0,True,True,evaluation_or_label_path,gate5a_id_unsw,128,128
id,idcc6a61e9,qsvc_pauli_xyz_r1,10,target_shift,label_flip_prior_preserving_r_0.050,0.0203125,0.0,0.0,0.0,0.0,0.009999495553063217,0.004545225251392372,5,2,0.0,0.0,0.0,0.0,0.0,0.0,True,True,evaluation_or_label_path,gate5b_id_ton_iot,128,128
id,idcc6a61e9,qsvc_z_r1,8,target_shift,label_flip_prior_preserving_r_0.050,0.0203125,0.0,0.0,0.0,0.0,0.008846586096439558,0.004021175498381617,5,2,0.0,0.0,0.0,0.0,0.0,0.0,True,True,evaluation_or_label_path,gate5b_id_ton_iot,128,128
id,idcc6a61e9,svc_rbf,8,target_shift,label_flip_prior_preserving_r_0.100,0.0203125,0.0,0.0,0.0,0.0,0.01097592418157522,0.004989056446170554,5,2,0.0,0.0,0.0,0.0,0.0,0.0,True,True,evaluation_or_label_path,gate5b_id_ton_iot,128,128
id,idcc6a61e9,qsvc_pauli_xyz_r1,8,target_shift,label_flip_r_0.100,0.0202175031100322,0.0,0.0,0.0,0.8306353631849717,0.010285613785812232,0.1556998904817277,5,2,0.0,0.0,0.0,0.0,0.03125,0.0004888385244522,True,False,evaluation_or_label_path,gate5b_id_ton_iot,128,128
id,id8c8771f4,qsvc_zz_r1,12,target_shift,label_flip_r_0.020,0.01935454730106657,0.0,0.0,0.0,0.298375315796864,0.007861048088436356,0.057823261094173614,5,2,0.0,0.0,0.0,0.0,0.0234375,0.0002748343945789,True,False,evaluation_or_label_path,gate2_id_256,256,256
id,id6292a46b,svc_rbf,12,target_shift,label_flip_prior_preserving_r_0.050,0.01875,0.0,0.0,0.0,0.0,0.011734031767371046,0.005333650803350476,5,2,0.0,0.0,0.0,0.0,0.0,0.0,True,True,evaluation_or_label_path,gate5a_id_unsw,128,128
id,idcc6a61e9,svc_rbf,10,target_shift,label_flip_prior_preserving_r_0.050,0.01875,0.0,0.0,0.0,0.0,0.009547410955242353,0.004339732252382888,5,2,0.0,0.0,0.0,0.0,0.0,0.0,True,True,evaluation_or_label_path,gate5b_id_ton_iot,128,128
id,id8c8771f4,qsvc_zz_r1,10,target_shift,label_flip_r_0.020,0.01867117386283561,0.0,0.0,0.0,0.298375315796864,0.008262502430294428,0.05800574034047273,5,2,0.0,0.0,0.0,0.0,0.0234375,0.0002748343945789,True,False,evaluation_or_label_path,gate2_id_256,256,256
ood,tr649b5ffb__te0e535a99,qsvc_zz_r1,8,target_shift,label_flip_r_0.050,0.018374809554245038,0.0,0.0,0.0,0.23677225212933703,0.06150996710762846,0.07100857634516514,5,2,0.0,0.0,0.0,0.0,0.015625,0.0001221050969211,True,False,evaluation_or_label_path,gate3b_ood_tue_fri_portscan,128,128
id,id8c8771f4,svc_rbf,12,target_shift,label_flip_r_0.020,0.01789840718681894,0.0,0.0,0.0,0.298375315796864,0.0074962431479040055,0.05765744066665891,5,2,0.0,0.0,0.0,0.0,0.0234375,0.0002748343945789,True,False,evaluation_or_label_path,gate2_id_256,256,256
id,idcc6a61e9,qsvc_pauli_xyz_r1,12,target_shift,label_flip_r_0.020,0.01741451928447891,0.0,0.0,0.0,0.302255259159836,0.00832403075738503,0.05873915200969064,5,2,0.0,0.0,0.0,0.0,0.015625,0.0001221050969211,True,False,evaluation_or_label_path,gate5b_id_ton_iot,128,128
id,id6292a46b,qsvc_zz_r1,8,target_shift,label_flip_prior_preserving_r_0.050,0.0171875,0.0,0.0,0.0,0.0,0.018052324635157824,0.00820560210688992,5,2,0.0,0.0,0.0,0.0,0.0,0.0,True,True,evaluation_or_label_path,gate5a_id_unsw,128,128
id,idcc6a61e9,qsvc_z_r1,10,target_shift,label_flip_prior_preserving_r_0.050,0.0171875,0.0,0.0,0.0,0.0,0.008674496337316968,0.003942952880598622,5,2,0.0,0.0,0.0,0.0,0.0,0.0,True,True,evaluation_or_label_path,gate5b_id_ton_iot,128,128
ood,tr649b5ffb__te0e535a99,qsvc_zz_r1,12,target_shift,label_flip_prior_preserving_r_0.050,0.0171875,0.0,0.0,0.0,0.0,0.00765456126808514,0.0034793460309477916,5,2,0.0,0.0,0.0,0.0,0.0,0.0,True,True,evaluation_or_label_path,gate3b_ood_tue_fri_portscan,128,128
id,idcc6a61e9,svc_rbf,8,target_shift,label_flip_r_0.050,0.0165698545881413,0.0,0.0,0.0,0.5235872621545179,0.011887424112068922,0.10060105862448912,5,2,0.0,0.0,0.0,0.0,0.0390625,0.0007643013153583,True,False,evaluation_or_label_path,gate5b_id_ton_iot,128,128
id,idcc6a61e9,svc_rbf,12,target_shift,label_flip_r_0.020,0.01618574917466044,0.0,0.0,0.0,0.302255259159836,0.008274013162187713,0.05871641673914642,5,2,0.0,0.0,0.0,0.0,0.015625,0.0001221050969211,True,False,evaluation_or_label_path,gate5b_id_ton_iot,128,128
id,id6292a46b,qsvc_pauli_xyz_r1,8,target_shift,label_flip_r_0.020,0.016173569374174194,0.0,0.0,0.0,0.302255259159836,0.018051243448728445,0.06316061232393765,5,2,0.0,0.0,0.0,0.0,0.015625,0.0001221050969211,True,False,evaluation_or_label_path,gate5a_id_unsw,128,128
ood,tr993984ca__teb9107599,qsvc_zz_r1,8,target_shift,label_flip_r_0.020,0.01589055170605387,0.0,0.0,0.0,0.5327864846804291,0.016551963063324036,0.1043938895161344,5,2,0.0,0.0,0.0,0.0,0.03125,0.0004888385244522,True,False,evaluation_or_label_path,gate6_ood_unsw,128,128
id,idcc6a61e9,qsvc_pauli_xyz_r1,10,target_shift,label_flip_r_0.020,0.01583217801463766,0.0,0.0,0.0,0.302255259159836,0.008701571834635166,0.05891076159025889,5,2,0.0,0.0,0.0,0.0,0.015625,0.0001221050969211,True,False,evaluation_or_label_path,gate5b_id_ton_iot,128,128
id,id8c8771f4,qsvc_zz_r1,8,target_shift,label_flip_r_0.020,0.015782221233996672,0.0,0.0,0.0,0.298375315796864,0.006551498083834766,0.05722801109208199,5,2,0.0,0.0,0.0,0.0,0.0234375,0.0002748343945789,True,False,evaluation_or_label_path,gate2_id_256,256,256
ood,tr993984ca__teb9107599,svc_rbf,8,target_shift,label_flip_r_0.020,0.01576783292255919,0.0,0.0,0.0,0.5327864846804291,0.01590604256146948,0.10410028928801869,5,2,0.0,0.0,0.0,0.0,0.03125,0.0004888385244522,True,False,evaluation_or_label_path,gate6_ood_unsw,128,128
ood,tr993984ca__teb9107599,qsvc_zz_r1,12,target_shift,label_flip_r_0.020,0.01568144612622601,0.0,0.0,0.0,0.5327864846804291,0.01171289125728472,0.10219431142248017,5,2,0.0,0.0,0.0,0.0,0.03125,0.0004888385244522,True,False,evaluation_or_label_path,gate6_ood_unsw,128,128
id,idcc6a61e9,svc_rbf,8,target_shift,label_flip_prior_preserving_r_0.050,0.015625,0.0,0.0,0.0,0.0,0.006793526348044934,0.0030879665218386068,5,2,0.0,0.0,0.0,0.0,0.0,0.0,True,True,evaluation_or_label_path,gate5b_id_ton_iot,128,128
ood,tr649b5ffb__te0e535a99,qsvc_zz_r1,8,target_shift,label_flip_prior_preserving_r_0.100,0.015625,0.0,0.0,0.0,0.0,0.008593512014535402,0.003906141824788818,5,2,0.0,0.0,0.0,0.0,0.0,0.0,True,True,evaluation_or_label_path,gate3b_ood_tue_fri_portscan,128,128
ood,tr993984ca__teb9107599,qsvc_zz_r1,10,target_shift,label_flip_r_0.020,0.01558709706732471,0.0,0.0,0.0,0.5327864846804291,0.012379691156212588,0.1024974022856292,5,2,0.0,0.0,0.0,0.0,0.03125,0.0004888385244522,True,False,evaluation_or_label_path,gate6_ood_unsw,128,128
id,idcc6a61e9,svc_rbf,10,target_shift,label_flip_r_0.020,0.015059768860172051,0.0,0.0,0.0,0.302255259159836,0.008827269971923417,0.0589678971072081,5,2,0.0,0.0,0.0,0.0,0.015625,0.0001221050969211,True,False,evaluation_or_label_path,gate5b_id_ton_iot,128,128
ood,tr649b5ffb__te0e535a99,qsvc_zz_r1,12,target_shift,label_flip_r_0.020,0.01493985016933306,0.0,0.0,0.0,0.45483058176198793,0.0288256423064926,0.0957990340960399,5,2,0.0,0.0,0.0,0.0,0.03125,0.0004888385244522,True,False,evaluation_or_label_path,gate3b_ood_tue_fri_portscan,128,128
id,id6292a46b,qsvc_zz_r1,12,target_shift,label_flip_r_0.020,0.014843956446779012,0.0,0.0,0.0,0.302255259159836,0.010883185850330856,0.05990240432466602,5,2,0.0,0.0,0.0,0.0,0.015625,0.0001221050969211,True,False,evaluation_or_label_path,gate5a_id_unsw,128,128
id,id6292a46b,qsvc_zz_r1,10,target_shift,label_flip_r_0.020,0.01482022793514724,0.0,0.0,0.0,0.302255259159836,0.012346326761865794,0.06056746837536372,5,2,0.0,0.0,0.0,0.0,0.015625,0.0001221050969211,True,False,evaluation_or_label_path,gate5a_id_unsw,128,128
id,id6292a46b,qsvc_pauli_xyz_r1,10,target_shift,label_flip_r_0.020,0.01480344644155126,0.0,0.0,0.0,0.302255259159836,0.012868267390922958,0.06080471411584425,5,2,0.0,0.0,0.0,0.0,0.015625,0.0001221050969211,True,False,evaluation_or_label_path,gate5a_id_unsw,128,128
id,idcc6a61e9,qsvc_pauli_xyz_r1,8,target_shift,label_flip_r_0.020,0.01464608867834671,0.0,0.0,0.0,0.302255259159836,0.007223491747740926,0.05823890700530696,5,2,0.0,0.0,0.0,0.0,0.015625,0.0001221050969211,True,False,evaluation_or_label_path,gate5b_id_ton_iot,128,128
ood,tr993984ca__teb9107599,svc_rbf,12,target_shift,label_flip_r_0.020,0.01462260672592583,0.0,0.0,0.0,0.5327864846804291,0.010845276411209987,0.10179994103790076,5,2,0.0,0.0,0.0,0.0,0.03125,0.0004888385244522,True,False,evaluation_or_label_path,gate6_ood_unsw,128,128
ood,tr993984ca__teb9107599,svc_rbf,10,target_shift,label_flip_r_0.020,0.01431908456212195,0.0,0.0,0.0,0.5327864846804291,0.011550949439253992,0.10212070150519348,5,2,0.0,0.0,0.0,0.0,0.03125,0.0004888385244522,True,False,evaluation_or_label_path,gate6_ood_unsw,128,128
id,idcc6a61e9,qsvc_z_r1,10,target_shift,label_flip_r_0.020,0.01430953399199365,0.0,0.0,0.0,0.302255259159836,0.007619693164790303,0.05841899855851122,5,2,0.0,0.0,0.0,0.0,0.015625,0.0001221050969211,True,False,evaluation_or_label_path,gate5b_id_ton_iot,128,128
id,idcc6a61e9,qsvc_z_r1,12,target_shift,label_flip_r_0.020,0.01427977208723174,0.0,0.0,0.0,0.302255259159836,0.006763365473909851,0.058029758699020106,5,2,0.0,0.0,0.0,0.0,0.015625,0.0001221050969211,True,False,evaluation_or_label_path,gate5b_id_ton_iot,128,128
id,id6292a46b,qsvc_z_r1,8,target_shift,label_flip_prior_preserving_r_0.020,0.0140625,0.0,0.0,0.0,0.0,0.012707939719456352,0.005776336236116524,5,2,0.0,0.0,0.0,0.0,0.0,0.0,True,True,evaluation_or_label_path,gate5a_id_unsw,128,128
id,idcc6a61e9,qsvc_zz_r1,8,target_shift,label_flip_prior_preserving_r_0.020,0.0140625,0.0,0.0,0.0,0.0,0.006355104514984405,0.002888683870447457,5,2,0.0,0.0,0.0,0.0,0.0,0.0,True,True,evaluation_or_label_path,gate5b_id_ton_iot,128,128
id,idcc6a61e9,qsvc_zz_r1,10,target_shift,label_flip_prior_preserving_r_0.020,0.0140625,0.0,0.0,0.0,0.0,0.006641648313612798,0.0030189310516421813,5,2,0.0,0.0,0.0,0.0,0.0,0.0,True,True,evaluation_or_label_path,gate5b_id_ton_iot,128,128
id,idcc6a61e9,qsvc_zz_r1,12,target_shift,label_flip_prior_preserving_r_0.020,0.0140625,0.0,0.0,0.0,0.0,0.006963863590071182,0.003165392540941446,5,2,0.0,0.0,0.0,0.0,0.0,0.0,True,True,evaluation_or_label_path,gate5b_id_ton_iot,128,128
ood,tr649b5ffb__te0e535a99,qsvc_zz_r1,10,target_shift,label_flip_prior_preserving_r_0.050,0.0140625,0.0,0.0,0.0,0.0,0.009581277712133913,0.004355126232788142,5,2,0.0,0.0,0.0,0.0,0.0,0.0,True,True,evaluation_or_label_path,gate3b_ood_tue_fri_portscan,128,128
ood,trc82af0ba__te3ec6a4d7,qsvc_zz_r1,12,target_shift,label_flip_r_0.050,0.013876488095238079,0.0,0.0,0.0,0.23677225212933703,0.01410250398706894,0.04945972947218353,5,2,0.0,0.0,0.0,0.0,0.015625,0.0001221050969211,True,False,evaluation_or_label_path,gate3c_ood_wed_thu_webattacks,128,128
id,id6292a46b,qsvc_z_r1,8,target_shift,label_flip_r_0.020,0.013298932250545108,0.0,0.0,0.0,0.302255259159836,0.014696110288586117,0.06163555179660023,5,2,0.0,0.0,0.0,0.0,0.015625,0.0001221050969211,True,False,evaluation_or_label_path,gate5a_id_unsw,128,128
id,id6292a46b,qsvc_pauli_xyz_r1,12,target_shift,label_flip_r_0.020,0.01326387602093245,0.0,0.0,0.0,0.302255259159836,0.009415841644693113,0.05923542968573977,5,2,0.0,0.0,0.0,0.0,0.015625,0.0001221050969211,True,False,evaluation_or_label_path,gate5a_id_unsw,128,128
id,id6292a46b,qsvc_z_r1,10,target_shift,label_flip_r_0.020,0.013203435229644869,0.0,0.0,0.0,0.302255259159836,0.010528300964064444,0.059741093012726745,5,2,0.0,0.0,0.0,0.0,0.015625,0.0001221050969211,True,False,evaluation_or_label_path,gate5a_id_unsw,128,128
id,id6292a46b,qsvc_zz_r1,8,target_shift,label_flip_r_0.020,0.01300480041911492,0.0,0.0,0.0,0.302255259159836,0.014169468777311841,0.06139616929147555,5,2,0.0,0.0,0.0,0.0,0.015625,0.0001221050969211,True,False,evaluation_or_label_path,gate5a_id_unsw,128,128
id,id6292a46b,svc_rbf,8,target_shift,label_flip_r_0.020,0.01287001361094097,0.0,0.0,0.0,0.302255259159836,0.01549852108222009,0.06200028397552476,5,2,0.0,0.0,0.0,0.0,0.015625,0.0001221050969211,True,False,evaluation_or_label_path,gate5a_id_unsw,128,128
id,id6292a46b,qsvc_z_r1,10,target_shift,label_flip_prior_preserving_r_0.020,0.0125,0.0,0.0,0.0,0.0,0.00994681373081405,0.004521278968551841,5,2,0.0,0.0,0.0,0.0,0.0,0.0,True,True,evaluation_or_label_path,gate5a_id_unsw,128,128
id,id6292a46b,qsvc_zz_r1,8,target_shift,label_flip_prior_preserving_r_0.020,0.0125,0.0,0.0,0.0,0.0,0.012064309039336894,0.005483776836062224,5,2,0.0,0.0,0.0,0.0,0.0,0.0,True,True,evaluation_or_label_path,gate5a_id_unsw,128,128
id,id6292a46b,svc_rbf,12,target_shift,label_flip_r_0.020,0.01186140528378426,0.0,0.0,0.0,0.302255259159836,0.00943407498440286,0.059243717567426024,5,2,0.0,0.0,0.0,0.0,0.015625,0.0001221050969211,True,False,evaluation_or_label_path,gate5a_id_unsw,128,128
id,id6292a46b,svc_rbf,10,target_shift,label_flip_r_0.020,0.011789618311795692,0.0,0.0,0.0,0.302255259159836,0.010840205922785763,0.05988286799396371,5,2,0.0,0.0,0.0,0.0,0.015625,0.0001221050969211,True,False,evaluation_or_label_path,gate5a_id_unsw,128,128
id,id6292a46b,qsvc_z_r1,12,target_shift,label_flip_r_0.020,0.01164793763584083,0.0,0.0,0.0,0.302255259159836,0.008283258372556378,0.058720619107495806,5,2,0.0,0.0,0.0,0.0,0.015625,0.0001221050969211,True,False,evaluation_or_label_path,gate5a_id_unsw,128,128
id,idcc6a61e9,svc_rbf,8,target_shift,label_flip_r_0.020,0.0113928813122361,0.0,0.0,0.0,0.302255259159836,0.00651964685121179,0.05791897750688463,5,2,0.0,0.0,0.0,0.0,0.015625,0.0001221050969211,True,False,evaluation_or_label_path,gate5b_id_ton_iot,128,128
id,id8c8771f4,svc_rbf,8,target_shift,label_flip_r_0.020,0.01137929005301492,0.0,0.0,0.0,0.298375315796864,0.005584739407423499,0.05678857533007686,5,2,0.0,0.0,0.0,0.0,0.0234375,0.0002748343945789,True,False,evaluation_or_label_path,gate2_id_256,256,256
id,idcc6a61e9,qsvc_z_r1,8,target_shift,label_flip_r_0.020,0.01137416850622492,0.0,0.0,0.0,0.302255259159836,0.005491939395531508,0.05745183775430268,5,2,0.0,0.0,0.0,0.0,0.015625,0.0001221050969211,True,False,evaluation_or_label_path,gate5b_id_ton_iot,128,128
id,id8c8771f4,svc_rbf,10,target_shift,label_flip_r_0.020,0.01134505332691568,0.0,0.0,0.0,0.298375315796864,0.006228837043448461,0.05708134698281549,5,2,0.0,0.0,0.0,0.0,0.0234375,0.0002748343945789,True,False,evaluation_or_label_path,gate2_id_256,256,256
ood,tr649b5ffb__tec82af0ba,qsvc_zz_r1,12,target_shift,label_flip_r_0.100,0.01101630886980675,0.0,0.0,0.0,0.9031082880500362,0.1181055874154189,0.2178858648342879,5,2,0.0,0.0,0.0,0.0,0.03125,0.0004888385244522,True,False,evaluation_or_label_path,gate3a_ood_tue_wed,128,128
id,id6292a46b,qsvc_pauli_xyz_r1,8,target_shift,label_flip_prior_preserving_r_0.020,0.0109375,0.0,0.0,0.0,0.0,0.012538963741677159,0.005699528973489618,5,2,0.0,0.0,0.0,0.0,0.0,0.0,True,True,evaluation_or_label_path,gate5a_id_unsw,128,128
id,id6292a46b,qsvc_z_r1,12,target_shift,label_flip_prior_preserving_r_0.020,0.0109375,0.0,0.0,0.0,0.0,0.008008621546363327,0.0036402825210742388,5,2,0.0,0.0,0.0,0.0,0.0,0.0,True,True,evaluation_or_label_path,gate5a_id_unsw,128,128
id,id6292a46b,qsvc_zz_r1,10,target_shift,label_flip_prior_preserving_r_0.020,0.0109375,0.0,0.0,0.0,0.0,0.00906897631376706,0.004122261960803209,5,2,0.0,0.0,0.0,0.0,0.0,0.0,True,True,evaluation_or_label_path,gate5a_id_unsw,128,128
id,id6292a46b,qsvc_zz_r1,12,target_shift,label_flip_prior_preserving_r_0.020,0.0109375,0.0,0.0,0.0,0.0,0.007120883670053384,0.00323676530456972,5,2,0.0,0.0,0.0,0.0,0.0,0.0,True,True,evaluation_or_label_path,gate5a_id_unsw,128,128
ood,tr649b5ffb__te0e535a99,qsvc_zz_r1,8,target_shift,label_flip_prior_preserving_r_0.050,0.0109375,0.0,0.0,0.0,0.0,0.005860377288620708,0.0026638078584639577,5,2,0.0,0.0,0.0,0.0,0.0,0.0,True,True,evaluation_or_label_path,gate3b_ood_tue_fri_portscan,128,128
ood,tr649b5ffb__te0e535a99,qsvc_zz_r1,12,target_shift,label_flip_prior_preserving_r_0.020,0.0109375,0.0,0.0,0.0,0.0,0.004574942414956679,0.002079519279525763,5,2,0.0,0.0,0.0,0.0,0.0,0.0,True,True,evaluation_or_label_path,gate3b_ood_tue_fri_portscan,128,128
ood,tr993984ca__teb9107599,qsvc_zz_r1,8,target_shift,label_flip_prior_preserving_r_0.020,0.0109375,0.0,0.0,0.0,0.0,0.009991773414257851,0.004541715188299023,5,2,0.0,0.0,0.0,0.0,0.0,0.0,True,True,evaluation_or_label_path,gate6_ood_unsw,128,128
ood,tr993984ca__teb9107599,qsvc_zz_r1,10,target_shift,label_flip_prior_preserving_r_0.020,0.0109375,0.0,0.0,0.0,0.0,0.00729511657076303,0.0033159620776195596,5,2,0.0,0.0,0.0,0.0,0.0,0.0,True,True,evaluation_or_label_path,gate6_ood_unsw,128,128
ood,tr993984ca__teb9107599,qsvc_zz_r1,12,target_shift,label_flip_prior_preserving_r_0.020,0.0109375,0.0,0.0,0.0,0.0,0.007309435331265819,0.003322470605120827,5,2,0.0,0.0,0.0,0.0,0.0,0.0,True,True,evaluation_or_label_path,gate6_ood_unsw,128,128
ood,trc82af0ba__te3ec6a4d7,qsvc_zz_r1,12,target_shift,label_flip_r_0.100,0.01084433300076599,0.0,0.0,0.0,0.9031082880500362,0.025234468847201753,0.1756717200305528,5,2,0.0,0.0,0.0,0.0,0.03125,0.0004888385244522,True,False,evaluation_or_label_path,gate3c_ood_wed_thu_webattacks,128,128
ood,tr649b5ffb__te0e535a99,qsvc_zz_r1,10,target_shift,label_flip_r_0.020,0.00978708514761642,0.0,0.0,0.0,0.45483058176198793,0.04926771045038323,0.10509088325235383,5,2,0.0,0.0,0.0,0.0,0.03125,0.0004888385244522,True,False,evaluation_or_label_path,gate3b_ood_tue_fri_portscan,128,128
id,id6292a46b,qsvc_pauli_xyz_r1,10,target_shift,label_flip_prior_preserving_r_0.020,0.009375,0.0,0.0,0.0,0.0,0.0069506968723626,0.0031594076692557276,5,2,0.0,0.0,0.0,0.0,0.0,0.0,True,True,evaluation_or_label_path,gate5a_id_unsw,128,128
id,id6292a46b,svc_rbf,8,target_shift,label_flip_prior_preserving_r_0.020,0.009375,0.0,0.0,0.0,0.0,0.01105266428291041,0.0050239383104138235,5,2,0.0,0.0,0.0,0.0,0.0,0.0,True,True,evaluation_or_label_path,gate5a_id_unsw,128,128
ood,tr649b5ffb__te0e535a99,qsvc_zz_r1,10,target_shift,label_flip_prior_preserving_r_0.020,0.009375,0.0,0.0,0.0,0.0,0.004424172777011608,0.0020109876259143673,5,2,0.0,0.0,0.0,0.0,0.0,0.0,True,True,evaluation_or_label_path,gate3b_ood_tue_fri_portscan,128,128
ood,tr993984ca__teb9107599,svc_rbf,8,target_shift,label_flip_prior_preserving_r_0.020,0.009375,0.0,0.0,0.0,0.0,0.008830192853457361,0.004013724024298801,5,2,0.0,0.0,0.0,0.0,0.0,0.0,True,True,evaluation_or_label_path,gate6_ood_unsw,128,128
ood,tr993984ca__teb9107599,svc_rbf,10,target_shift,label_flip_prior_preserving_r_0.020,0.009375,0.0,0.0,0.0,0.0,0.0064136311696344345,0.002915286895288379,5,2,0.0,0.0,0.0,0.0,0.0,0.0,True,True,evaluation_or_label_path,gate6_ood_unsw,128,128
ood,tr993984ca__teb9107599,svc_rbf,12,target_shift,label_flip_prior_preserving_r_0.020,0.009375,0.0,0.0,0.0,0.0,0.006408089898271319,0.0029127681355778723,5,2,0.0,0.0,0.0,0.0,0.0,0.0,True,True,evaluation_or_label_path,gate6_ood_unsw,128,128
ood,trc82af0ba__te3ec6a4d7,qsvc_zz_r1,12,target_shift,label_flip_prior_preserving_r_0.050,0.009375,0.0,0.0,0.0,0.0,0.0034473520506230217,0.0015669782048286461,5,2,0.0,0.0,0.0,0.0,0.0,0.0,True,True,evaluation_or_label_path,gate3c_ood_wed_thu_webattacks,128,128
ood,trc82af0ba__te3ec6a4d7,qsvc_zz_r1,8,target_shift,label_flip_r_0.050,0.00921684218559217,0.0,0.0,0.0,0.23677225212933703,0.007247526068640526,0.04634383041835243,5,2,0.0,0.0,0.0,0.0,0.015625,0.0001221050969211,True,False,evaluation_or_label_path,gate3c_ood_wed_thu_webattacks,128,128
id,id6292a46b,qsvc_pauli_xyz_r1,12,target_shift,label_flip_prior_preserving_r_0.020,0.0078125,0.0,0.0,0.0,0.0,0.006016714165217249,0.0027348700750987496,5,2,0.0,0.0,0.0,0.0,0.0,0.0,True,True,evaluation_or_label_path,gate5a_id_unsw,128,128
id,id6292a46b,svc_rbf,10,target_shift,label_flip_prior_preserving_r_0.020,0.0078125,0.0,0.0,0.0,0.0,0.007220351707064076,0.0032819780486654897,5,2,0.0,0.0,0.0,0.0,0.0,0.0,True,True,evaluation_or_label_path,gate5a_id_unsw,128,128
id,id6292a46b,svc_rbf,12,target_shift,label_flip_prior_preserving_r_0.020,0.0078125,0.0,0.0,0.0,0.0,0.005935811270110848,0.0026980960318685673,5,2,0.0,0.0,0.0,0.0,0.0,0.0,True,True,evaluation_or_label_path,gate5a_id_unsw,128,128
id,id8c8771f4,qsvc_zz_r1,12,target_shift,label_flip_prior_preserving_r_0.020,0.0078125,0.0,0.0,0.0,0.0,0.0026654782400113556,0.00121158101818698,5,2,0.0,0.0,0.0,0.0,0.0,0.0,True,True,evaluation_or_label_path,gate2_id_256,256,256
id,idcc6a61e9,qsvc_pauli_xyz_r1,12,target_shift,label_flip_prior_preserving_r_0.020,0.0078125,0.0,0.0,0.0,0.0,0.00428327572760392,0.0019469435125472364,5,2,0.0,0.0,0.0,0.0,0.0,0.0,True,True,evaluation_or_label_path,gate5b_id_ton_iot,128,128
ood,trc82af0ba__te3ec6a4d7,qsvc_zz_r1,10,target_shift,label_flip_r_0.050,0.00753033424908423,0.0,0.0,0.0,0.23677225212933703,0.008108639082809848,0.04673524542479303,5,2,0.0,0.0,0.0,0.0,0.015625,0.0001221050969211,True,False,evaluation_or_label_path,gate3c_ood_wed_thu_webattacks,128,128
id,id8c8771f4,qsvc_zz_r1,8,target_shift,label_flip_prior_preserving_r_0.020,0.00703125,0.0,0.0,0.0,0.0,0.0023523229749394105,0.0010692377158815502,5,2,0.0,0.0,0.0,0.0,0.0,0.0,True,True,evaluation_or_label_path,gate2_id_256,256,256
id,id8c8771f4,qsvc_zz_r1,10,target_shift,label_flip_prior_preserving_r_0.020,0.00703125,0.0,0.0,0.0,0.0,0.002462721977711941,0.001119419080778155,5,2,0.0,0.0,0.0,0.0,0.0,0.0,True,True,evaluation_or_label_path,gate2_id_256,256,256
ood,tr649b5ffb__tec82af0ba,qsvc_zz_r1,12,target_shift,label_flip_r_0.050,0.00698613830166248,0.0,0.0,0.0,0.23677225212933703,0.0455187530384845,0.06373984267737241,5,2,0.0,0.0,0.0,0.0,0.015625,0.0001221050969211,True,False,evaluation_or_label_path,gate3a_ood_tue_wed,128,128
id,id8c8771f4,svc_rbf,12,target_shift,label_flip_prior_preserving_r_0.020,0.00625,0.0,0.0,0.0,0.0,0.0022798786727872113,0.0010363084876305506,5,2,0.0,0.0,0.0,0.0,0.0,0.0,True,True,evaluation_or_label_path,gate2_id_256,256,256
id,idcc6a61e9,qsvc_pauli_xyz_r1,10,target_shift,label_flip_prior_preserving_r_0.020,0.00625,0.0,0.0,0.0,0.0,0.0037665193146313642,0.001712054233923347,5,2,0.0,0.0,0.0,0.0,0.0,0.0,True,True,evaluation_or_label_path,gate5b_id_ton_iot,128,128
id,idcc6a61e9,qsvc_z_r1,12,target_shift,label_flip_prior_preserving_r_0.020,0.00625,0.0,0.0,0.0,0.0,0.002910797435430902,0.001323089743377683,5,2,0.0,0.0,0.0,0.0,0.0,0.0,True,True,evaluation_or_label_path,gate5b_id_ton_iot,128,128
ood,trc82af0ba__te3ec6a4d7,qsvc_zz_r1,12,target_shift,label_flip_prior_preserving_r_0.100,0.00625,0.0,0.0,0.0,0.0,0.006150447161703406,0.002795657800774275,5,2,0.0,0.0,0.0,0.0,0.0,0.0,True,True,evaluation_or_label_path,gate3c_ood_wed_thu_webattacks,128,128
ood,trc82af0ba__te3ec6a4d7,qsvc_zz_r1,12,target_shift,label_flip_r_0.020,0.00618974887120048,0.0,0.0,0.0,0.45483058176198793,0.010309297022796099,0.08738251351254149,5,2,0.0,0.0,0.0,0.0,0.03125,0.0004888385244522,True,False,evaluation_or_label_path,gate3c_ood_wed_thu_webattacks,128,128
id,id8c8771f4,svc_rbf,8,target_shift,label_flip_prior_preserving_r_0.020,0.00546875,0.0,0.0,0.0,0.0,0.002090244599914213,0.0009501111817791879,5,2,0.0,0.0,0.0,0.0,0.0,0.0,True,True,evaluation_or_label_path,gate2_id_256,256,256
id,id8c8771f4,svc_rbf,10,target_shift,label_flip_prior_preserving_r_0.020,0.00546875,0.0,0.0,0.0,0.0,0.002361547739069092,0.0010734307904859508,5,2,0.0,0.0,0.0,0.0,0.0,0.0,True,True,evaluation_or_label_path,gate2_id_256,256,256
ood,tr649b5ffb__te0e535a99,qsvc_zz_r1,8,target_shift,label_flip_r_0.020,0.00518329340909984,0.0,0.0,0.0,0.45483058176198793,0.055771630858366936,0.10804721071052822,5,2,0.0,0.0,0.0,0.0,0.03125,0.0004888385244522,True,False,evaluation_or_label_path,gate3b_ood_tue_fri_portscan,128,128
id,idcc6a61e9,qsvc_z_r1,10,target_shift,label_flip_prior_preserving_r_0.020,0.0046875,0.0,0.0,0.0,0.0,0.0023331285850436067,0.0010605129932016396,5,2,0.0,0.0,0.0,0.0,0.0,0.0,True,True,evaluation_or_label_path,gate5b_id_ton_iot,128,128
id,idcc6a61e9,svc_rbf,10,target_shift,label_flip_prior_preserving_r_0.020,0.0046875,0.0,0.0,0.0,0.0,0.0023157830428638952,0.001052628655847225,5,2,0.0,0.0,0.0,0.0,0.0,0.0,True,True,evaluation_or_label_path,gate5b_id_ton_iot,128,128
id,idcc6a61e9,svc_rbf,12,target_shift,label_flip_prior_preserving_r_0.020,0.0046875,0.0,0.0,0.0,0.0,0.0023500357926473465,0.0010681980875669756,5,2,0.0,0.0,0.0,0.0,0.0,0.0,True,True,evaluation_or_label_path,gate5b_id_ton_iot,128,128
ood,tr649b5ffb__te0e535a99,qsvc_zz_r1,8,target_shift,label_flip_prior_preserving_r_0.020,0.0046875,0.0,0.0,0.0,0.0,0.0024286123974496176,0.0011039147261134624,5,2,0.0,0.0,0.0,0.0,0.0,0.0,True,True,evaluation_or_label_path,gate3b_ood_tue_fri_portscan,128,128
ood,tr649b5ffb__tec82af0ba,qsvc_zz_r1,12,target_shift,label_flip_prior_preserving_r_0.050,0.0046875,0.0,0.0,0.0,0.0,0.007159654378347558,0.0032543883537943436,5,2,0.0,0.0,0.0,0.0,0.0,0.0,True,True,evaluation_or_label_path,gate3a_ood_tue_wed,128,128
ood,tr649b5ffb__tec82af0ba,qsvc_zz_r1,12,target_shift,label_flip_prior_preserving_r_0.100,0.0046875,0.0,0.0,0.0,0.0,0.04709118360648913,0.02140508345749506,5,2,0.0,0.0,0.0,0.0,0.0,0.0,True,True,evaluation_or_label_path,gate3a_ood_tue_wed,128,128
ood,trc82af0ba__te3ec6a4d7,qsvc_zz_r1,10,target_shift,label_flip_prior_preserving_r_0.050,0.0046875,0.0,0.0,0.0,0.0,0.004569270102668066,0.002076940955758212,5,2,0.0,0.0,0.0,0.0,0.0,0.0,True,True,evaluation_or_label_path,gate3c_ood_wed_thu_webattacks,128,128
ood,trc82af0ba__te3ec6a4d7,qsvc_zz_r1,10,target_shift,label_flip_r_0.100,0.0038534807031939803,0.0,0.0,0.0,0.9031082880500362,0.013657979535729545,0.17040967943442908,5,2,0.0,0.0,0.0,0.0,0.03125,0.0004888385244522,True,False,evaluation_or_label_path,gate3c_ood_wed_thu_webattacks,128,128
id,idcc6a61e9,qsvc_pauli_xyz_r1,8,target_shift,label_flip_prior_preserving_r_0.020,0.003125,0.0,0.0,0.0,0.0,0.0021672619399484704,0.000985119063612941,5,2,0.0,0.0,0.0,0.0,0.0,0.0,True,True,evaluation_or_label_path,gate5b_id_ton_iot,128,128
id,idcc6a61e9,qsvc_z_r1,8,target_shift,label_flip_prior_preserving_r_0.020,0.003125,0.0,0.0,0.0,0.0,0.0021360175160074378,0.0009709170527306537,5,2,0.0,0.0,0.0,0.0,0.0,0.0,True,True,evaluation_or_label_path,gate5b_id_ton_iot,128,128
id,idcc6a61e9,svc_rbf,8,target_shift,label_flip_prior_preserving_r_0.020,0.003125,0.0,0.0,0.0,0.0,0.0012228323148606743,0.0005558328703912155,5,2,0.0,0.0,0.0,0.0,0.0,0.0,True,True,evaluation_or_label_path,gate5b_id_ton_iot,128,128
ood,tr649b5ffb__tec82af0ba,qsvc_zz_r1,10,target_shift,label_flip_prior_preserving_r_0.050,0.003125,0.0,0.0,0.0,0.0,0.004781324850142061,0.0021733294773373006,5,2,0.0,0.0,0.0,0.0,0.0,0.0,True,True,evaluation_or_label_path,gate3a_ood_tue_wed,128,128
ood,trc82af0ba__te3ec6a4d7,qsvc_zz_r1,8,target_shift,label_flip_prior_preserving_r_0.050,0.003125,0.0,0.0,0.0,0.0,0.006338432188628123,0.0028811055402855105,5,2,0.0,0.0,0.0,0.0,0.0,0.0,True,True,evaluation_or_label_path,gate3c_ood_wed_thu_webattacks,128,128
ood,tr649b5ffb__tec82af0ba,svc_rbf,10,target_shift,label_flip_r_0.100,0.0030529032533260503,0.0,0.0,0.0,0.9031082880500362,0.11408436907585015,0.21605803831630208,5,2,0.0,0.0,0.0,0.0,0.03125,0.0004888385244522,True,False,evaluation_or_label_path,gate3a_ood_tue_wed,128,128
ood,tr649b5ffb__tec82af0ba,svc_rbf,10,target_shift,label_flip_r_0.050,0.00300324563429401,0.0,0.0,0.0,0.23677225212933703,0.04789831565469195,0.0648214620483758,5,2,0.0,0.0,0.0,0.0,0.015625,0.0001221050969211,True,False,evaluation_or_label_path,gate3a_ood_tue_wed,128,128
ood,trc82af0ba__te3ec6a4d7,qsvc_zz_r1,10,target_shift,label_flip_r_0.020,0.002858713307302,0.0,0.0,0.0,0.45483058176198793,0.005903775513908956,0.08538000373577462,5,2,0.0,0.0,0.0,0.0,0.03125,0.0004888385244522,True,False,evaluation_or_label_path,gate3c_ood_wed_thu_webattacks,128,128
ood,trc82af0ba__te3ec6a4d7,qsvc_zz_r1,8,target_shift,label_flip_r_0.020,0.00277412265285839,0.0,0.0,0.0,0.45483058176198793,0.006222146908501936,0.08552471800604414,5,2,0.0,0.0,0.0,0.0,0.03125,0.0004888385244522,True,False,evaluation_or_label_path,gate3c_ood_wed_thu_webattacks,128,128
ood,tr649b5ffb__tec82af0ba,qsvc_zz_r1,12,target_shift,label_flip_r_0.020,0.0025567459435462004,0.0,0.0,0.0,0.45483058176198793,0.05051569843278327,0.10565815051708112,5,2,0.0,0.0,0.0,0.0,0.03125,0.0004888385244522,True,False,evaluation_or_label_path,gate3a_ood_tue_wed,128,128
ood,trc82af0ba__te5c44b321,qsvc_zz_r1,8,target_shift,label_flip_r_0.050,0.00245440323565323,0.0,0.0,0.0,0.23677225212933703,0.006378431472381779,0.045948787420053,5,2,0.0,0.0,0.0,0.0,0.015625,0.0001221050969211,True,False,evaluation_or_label_path,gate3d_ood_wed_fri_morning,128,128
ood,trc82af0ba__te5c44b321,qsvc_zz_r1,10,target_shift,label_flip_r_0.050,0.00239354395604395,0.0,0.0,0.0,0.23677225212933703,0.0064549711493153885,0.04598357818229555,5,2,0.0,0.0,0.0,0.0,0.015625,0.0001221050969211,True,False,evaluation_or_label_path,gate3d_ood_wed_fri_morning,128,128
ood,tr649b5ffb__tec82af0ba,qsvc_zz_r1,10,target_shift,label_flip_r_0.050,0.00232342254519673,0.0,0.0,0.0,0.23677225212933703,0.04527612315931045,0.06362955636865694,5,2,0.0,0.0,0.0,0.0,0.015625,0.0001221050969211,True,False,evaluation_or_label_path,gate3a_ood_tue_wed,128,128
ood,trc82af0ba__te3ec6a4d7,qsvc_zz_r1,8,target_shift,label_flip_r_0.100,0.00229736509703919,0.0,0.0,0.0,0.9031082880500362,0.011427045156346918,0.16939561835289155,5,2,0.0,0.0,0.0,0.0,0.03125,0.0004888385244522,True,False,evaluation_or_label_path,gate3c_ood_wed_thu_webattacks,128,128
ood,tr649b5ffb__tec82af0ba,qsvc_zz_r1,10,target_shift,label_flip_r_0.020,0.00216696547312058,0.0,0.0,0.0,0.45483058176198793,0.06633746943469729,0.11284986460886022,5,2,0.0,0.0,0.0,0.0,0.03125,0.0004888385244522,True,False,evaluation_or_label_path,gate3a_ood_tue_wed,128,128
ood,tr649b5ffb__tec82af0ba,svc_rbf,10,target_shift,label_flip_r_0.020,0.0018568304455401099,0.0,0.0,0.0,0.45483058176198793,0.06351364275026629,0.11156630702502794,5,2,0.0,0.0,0.0,0.0,0.03125,0.0004888385244522,True,False,evaluation_or_label_path,gate3a_ood_tue_wed,128,128
ood,tr649b5ffb__tec82af0ba,svc_rbf,12,target_shift,label_flip_r_0.020,0.00179234631855598,0.0,0.0,0.0,0.45483058176198793,0.046166448913803046,0.10368121891754464,5,2,0.0,0.0,0.0,0.0,0.03125,0.0004888385244522,True,False,evaluation_or_label_path,gate3a_ood_tue_wed,128,128
ood,tr649b5ffb__tec82af0ba,svc_rbf,8,target_shift,label_flip_r_0.100,0.0016483042680819101,0.0,0.0,0.0,0.9031082880500362,0.17162202797423015,0.24221151963374754,5,2,0.0,0.0,0.0,0.0,0.03125,0.0004888385244522,True,False,evaluation_or_label_path,gate3a_ood_tue_wed,128,128
ood,tr649b5ffb__tec82af0ba,qsvc_zz_r1,12,target_shift,label_flip_prior_preserving_r_0.020,0.0015625,0.0,0.0,0.0,0.0,0.010194532696733568,0.004633878498515258,5,2,0.0,0.0,0.0,0.0,0.0,0.0,True,True,evaluation_or_label_path,gate3a_ood_tue_wed,128,128
ood,tr649b5ffb__tec82af0ba,svc_rbf,8,target_shift,label_flip_prior_preserving_r_0.100,0.0015625,0.0,0.0,0.0,0.0,0.10965509072333657,0.04984322305606208,5,2,0.0,0.0,0.0,0.0,0.0,0.0,True,True,evaluation_or_label_path,gate3a_ood_tue_wed,128,128
ood,trc82af0ba__te3ec6a4d7,qsvc_zz_r1,8,target_shift,label_flip_prior_preserving_r_0.100,0.0015625,0.0,0.0,0.0,0.0,0.009334455736236156,0.004242934425561889,5,2,0.0,0.0,0.0,0.0,0.0,0.0,True,True,evaluation_or_label_path,gate3c_ood_wed_thu_webattacks,128,128
ood,trc82af0ba__te3ec6a4d7,qsvc_zz_r1,12,target_shift,label_flip_prior_preserving_r_0.020,0.0015625,0.0,0.0,0.0,0.0,0.0008219173084061417,0.0003735987765482463,5,2,0.0,0.0,0.0,0.0,0.0,0.0,True,True,evaluation_or_label_path,gate3c_ood_wed_thu_webattacks,128,128
ood,trc82af0ba__te5c44b321,qsvc_zz_r1,8,target_shift,label_flip_prior_preserving_r_0.050,0.0015625,0.0,0.0,0.0,0.0,0.0014857754756759742,0.0006753524889436247,5,2,0.0,0.0,0.0,0.0,0.0,0.0,True,True,evaluation_or_label_path,gate3d_ood_wed_fri_morning,128,128
ood,trc82af0ba__te5c44b321,qsvc_zz_r1,10,target_shift,label_flip_prior_preserving_r_0.050,0.0015625,0.0,0.0,0.0,0.0,0.0014695221017325662,0.0006679645916966209,5,2,0.0,0.0,0.0,0.0,0.0,0.0,True,True,evaluation_or_label_path,gate3d_ood_wed_fri_morning,128,128
ood,trc82af0ba__te5c44b321,qsvc_zz_r1,12,target_shift,label_flip_prior_preserving_r_0.050,0.0015625,0.0,0.0,0.0,0.0,0.0014618956059427608,0.0006644980027012548,5,2,0.0,0.0,0.0,0.0,0.0,0.0,True,True,evaluation_or_label_path,gate3d_ood_wed_fri_morning,128,128
ood,tr649b5ffb__tec82af0ba,svc_rbf,8,target_shift,label_flip_r_0.050,0.00152602493832332,0.0,0.0,0.0,0.23677225212933703,0.04318863000842814,0.06268069584552861,5,2,0.0,0.0,0.0,0.0,0.015625,0.0001221050969211,True,False,evaluation_or_label_path,gate3a_ood_tue_wed,128,128
ood,tr649b5ffb__tec82af0ba,svc_rbf,12,target_shift,label_flip_r_0.050,0.00147722069597069,0.0,0.0,0.0,0.23677225212933703,0.04765014265324816,0.06470865613862863,5,2,0.0,0.0,0.0,0.0,0.015625,0.0001221050969211,True,False,evaluation_or_label_path,gate3a_ood_tue_wed,128,128
ood,tr649b5ffb__tec82af0ba,svc_rbf,12,target_shift,label_flip_r_0.100,0.0014045989852441401,0.0,0.0,0.0,0.9031082880500362,0.10016117545101925,0.20972931394137895,5,2,0.0,0.0,0.0,0.0,0.03125,0.0004888385244522,True,False,evaluation_or_label_path,gate3a_ood_tue_wed,128,128
ood,trc82af0ba__te5c44b321,qsvc_zz_r1,12,target_shift,label_flip_r_0.020,0.00096497140851979,0.0,0.0,0.0,0.45483058176198793,0.005875043647693054,0.08536694379658556,5,2,0.0,0.0,0.0,0.0,0.03125,0.0004888385244522,True,False,evaluation_or_label_path,gate3d_ood_wed_fri_morning,128,128
ood,trc82af0ba__te5c44b321,qsvc_zz_r1,10,target_shift,label_flip_r_0.020,0.0009497266648594699,0.0,0.0,0.0,0.45483058176198793,0.0054197958002856405,0.08516001295685491,5,2,0.0,0.0,0.0,0.0,0.03125,0.0004888385244522,True,False,evaluation_or_label_path,gate3d_ood_wed_fri_morning,128,128
ood,tr649b5ffb__tec82af0ba,qsvc_zz_r1,10,target_shift,label_flip_r_0.100,0.0008755505403368301,0.0,0.0,0.0,0.9031082880500362,0.10307764405242956,0.21105498148747456,5,2,0.0,0.0,0.0,0.0,0.03125,0.0004888385244522,True,False,evaluation_or_label_path,gate3a_ood_tue_wed,128,128
ood,tr649b5ffb__tec82af0ba,qsvc_zz_r1,8,target_shift,label_flip_r_0.100,0.00077079766536741,0.0,0.0,0.0,0.9031082880500362,0.13628729433924386,0.22615027707239013,5,2,0.0,0.0,0.0,0.0,0.03125,0.0004888385244522,True,False,evaluation_or_label_path,gate3a_ood_tue_wed,128,128
ood,trc82af0ba__te5c44b321,qsvc_zz_r1,8,target_shift,label_flip_r_0.020,0.00075252088860958,0.0,0.0,0.0,0.45483058176198793,0.00607332349660892,0.08545707100063824,5,2,0.0,0.0,0.0,0.0,0.03125,0.0004888385244522,True,False,evaluation_or_label_path,gate3d_ood_wed_fri_morning,128,128
ood,tr649b5ffb__tec82af0ba,svc_rbf,8,target_shift,label_flip_r_0.020,0.00046944822650465,0.0,0.0,0.0,0.45483058176198793,0.07038273745398539,0.11468862279944572,5,2,0.0,0.0,0.0,0.0,0.03125,0.0004888385244522,True,False,evaluation_or_label_path,gate3a_ood_tue_wed,128,128
ood,tr649b5ffb__tec82af0ba,qsvc_zz_r1,8,target_shift,label_flip_r_0.020,0.00040393969829452,0.0,0.0,0.0,0.45483058176198793,0.07757220053728626,0.11795656056458248,5,2,0.0,0.0,0.0,0.0,0.03125,0.0004888385244522,True,False,evaluation_or_label_path,gate3a_ood_tue_wed,128,128
ood,trc82af0ba__te3ec6a4d7,svc_rbf,8,target_shift,label_flip_r_0.020,0.00035202252944186997,0.0,0.0,0.0,0.45483058176198793,0.005835083705288489,0.08534878018640166,5,2,0.0,0.0,0.0,0.0,0.03125,0.0004888385244522,True,False,evaluation_or_label_path,gate3c_ood_wed_thu_webattacks,128,128
ood,trc82af0ba__te3ec6a4d7,svc_rbf,12,target_shift,label_flip_r_0.100,0.0003445794301327,0.0,0.0,0.0,0.9031082880500362,0.022042096612965332,0.17422064174226354,5,2,0.0,0.0,0.0,0.0,0.03125,0.0004888385244522,True,False,evaluation_or_label_path,gate3c_ood_wed_thu_webattacks,128,128
ood,trc82af0ba__te3ec6a4d7,svc_rbf,10,target_shift,label_flip_r_0.020,0.00033962173579106997,0.0,0.0,0.0,0.45483058176198793,0.0054838817418419354,0.08518914293028959,5,2,0.0,0.0,0.0,0.0,0.03125,0.0004888385244522,True,False,evaluation_or_label_path,gate3c_ood_wed_thu_webattacks,128,128
ood,trc82af0ba__te3ec6a4d7,svc_rbf,12,target_shift,label_flip_r_0.020,0.00031442012288785,0.0,0.0,0.0,0.45483058176198793,0.0089515582376409,0.08676535951928913,5,2,0.0,0.0,0.0,0.0,0.03125,0.0004888385244522,True,False,evaluation_or_label_path,gate3c_ood_wed_thu_webattacks,128,128
ood,trc82af0ba__te5c44b321,svc_rbf,8,target_shift,label_flip_r_0.100,0.00030993852459016,0.0,0.0,0.0,0.9031082880500362,0.01707958746788309,0.17196495576722615,5,2,0.0,0.0,0.0,0.0,0.03125,0.0004888385244522,True,False,evaluation_or_label_path,gate3d_ood_wed_fri_morning,128,128
ood,trc82af0ba__te3ec6a4d7,svc_rbf,8,target_shift,label_flip_r_0.100,0.00030737704918032004,0.0,0.0,0.0,0.9031082880500362,0.010489327606738591,0.16896938310306958,5,2,0.0,0.0,0.0,0.0,0.03125,0.0004888385244522,True,False,evaluation_or_label_path,gate3c_ood_wed_thu_webattacks,128,128
ood,trc82af0ba__te3ec6a4d7,svc_rbf,10,target_shift,label_flip_r_0.100,0.00030737704918032004,0.0,0.0,0.0,0.9031082880500362,0.01172717378803206,0.16953204045820297,5,2,0.0,0.0,0.0,0.0,0.03125,0.0004888385244522,True,False,evaluation_or_label_path,gate3c_ood_wed_thu_webattacks,128,128
ood,trc82af0ba__te5c44b321,svc_rbf,10,target_shift,label_flip_r_0.020,0.00030121927803379003,0.0,0.0,0.0,0.45483058176198793,0.0048700246405475114,0.08491011697515577,5,2,0.0,0.0,0.0,0.0,0.03125,0.0004888385244522,True,False,evaluation_or_label_path,gate3d_ood_wed_fri_morning,128,128
ood,trc82af0ba__te5c44b321,svc_rbf,12,target_shift,label_flip_r_0.020,0.00030121927803379003,0.0,0.0,0.0,0.45483058176198793,0.005347848583487942,0.08512730967649233,5,2,0.0,0.0,0.0,0.0,0.03125,0.0004888385244522,True,False,evaluation_or_label_path,gate3d_ood_wed_fri_morning,128,128
ood,tr649b5ffb__te0e535a99,svc_rbf,8,target_shift,label_flip_r_0.100,0.00025533437418682,0.0,0.0,0.0,0.9031082880500362,0.1089391857416742,0.21371931861894938,5,2,0.0,0.0,0.0,0.0,0.03125,0.0004888385244522,True,False,evaluation_or_label_path,gate3b_ood_tue_fri_portscan,128,128
ood,tr649b5ffb__te0e535a99,svc_rbf,10,target_shift,label_flip_r_0.100,0.00025533437418682,0.0,0.0,0.0,0.9031082880500362,0.07496752980943353,0.19827765683156726,5,2,0.0,0.0,0.0,0.0,0.03125,0.0004888385244522,True,False,evaluation_or_label_path,gate3b_ood_tue_fri_portscan,128,128
ood,tr649b5ffb__te0e535a99,svc_rbf,12,target_shift,label_flip_r_0.100,0.00025533437418682,0.0,0.0,0.0,0.9031082880500362,0.06336510253258276,0.19300382625118057,5,2,0.0,0.0,0.0,0.0,0.03125,0.0004888385244522,True,False,evaluation_or_label_path,gate3b_ood_tue_fri_portscan,128,128
ood,trc82af0ba__te5c44b321,svc_rbf,10,target_shift,label_flip_r_0.100,0.00023053278688524,0.0,0.0,0.0,0.9031082880500362,0.016806592391337666,0.17184086709606916,5,2,0.0,0.0,0.0,0.0,0.03125,0.0004888385244522,True,False,evaluation_or_label_path,gate3d_ood_wed_fri_morning,128,128
ood,trc82af0ba__te5c44b321,svc_rbf,12,target_shift,label_flip_r_0.100,0.00023053278688524,0.0,0.0,0.0,0.9031082880500362,0.016912903580146715,0.17188919036370962,5,2,0.0,0.0,0.0,0.0,0.03125,0.0004888385244522,True,False,evaluation_or_label_path,gate3d_ood_wed_fri_morning,128,128
ood,trc82af0ba__te5c44b321,qsvc_zz_r1,12,target_shift,label_flip_r_0.050,0.00022283272283272001,0.0,0.0,0.0,0.23677225212933703,0.0071399395107166865,0.046294927437477956,5,2,0.0,0.0,0.0,0.0,0.015625,0.0001221050969211,True,False,evaluation_or_label_path,gate3d_ood_wed_fri_morning,128,128
ood,trc82af0ba__te5c44b321,svc_rbf,8,target_shift,label_flip_r_0.020,0.00021361367127495,0.0,0.0,0.0,0.45483058176198793,0.005525517532010495,0.08520806828945712,5,2,0.0,0.0,0.0,0.0,0.03125,0.0004888385244522,True,False,evaluation_or_label_path,gate3d_ood_wed_fri_morning,128,128
ood,tr649b5ffb__te0e535a99,svc_rbf,8,target_shift,label_flip_r_0.020,0.00020209293394776,0.0,0.0,0.0,0.45483058176198793,0.054030533758061515,0.10725580293766215,5,2,0.0,0.0,0.0,0.0,0.03125,0.0004888385244522,True,False,evaluation_or_label_path,gate3b_ood_tue_fri_portscan,128,128
ood,tr649b5ffb__te0e535a99,svc_rbf,10,target_shift,label_flip_r_0.020,0.00020209293394776,0.0,0.0,0.0,0.45483058176198793,0.04662375082475458,0.10388908342252261,5,2,0.0,0.0,0.0,0.0,0.03125,0.0004888385244522,True,False,evaluation_or_label_path,gate3b_ood_tue_fri_portscan,128,128
ood,tr649b5ffb__te0e535a99,svc_rbf,12,target_shift,label_flip_r_0.020,0.00016281041986687,0.0,0.0,0.0,0.45483058176198793,0.025968757217902955,0.09450044996486277,5,2,0.0,0.0,0.0,0.0,0.03125,0.0004888385244522,True,False,evaluation_or_label_path,gate3b_ood_tue_fri_portscan,128,128
ood,trc82af0ba__te5c44b321,qsvc_zz_r1,10,target_shift,label_flip_r_0.100,0.00014842796092796,0.0,0.0,0.0,0.9031082880500362,0.013695129706580194,0.17042656587572483,5,2,0.0,0.0,0.0,0.0,0.03125,0.0004888385244522,True,False,evaluation_or_label_path,gate3d_ood_wed_fri_morning,128,128
ood,tr649b5ffb__tec82af0ba,qsvc_zz_r1,8,target_shift,label_flip_r_0.050,0.00012248168498168,0.0,0.0,0.0,0.23677225212933703,0.039248769930354116,0.06088985035549497,5,2,0.0,0.0,0.0,0.0,0.015625,0.0001221050969211,True,False,evaluation_or_label_path,gate3a_ood_tue_wed,128,128
ood,trc82af0ba__te5c44b321,svc_rbf,10,target_shift,label_flip_r_0.050,7.440476190476e-05,0.0,0.0,0.0,0.23677225212933703,0.0030960799132293943,0.0444568094386201,5,2,0.0,0.0,0.0,0.0,0.015625,0.0001221050969211,True,False,evaluation_or_label_path,gate3d_ood_wed_fri_morning,128,128
ood,trc82af0ba__te5c44b321,svc_rbf,12,target_shift,label_flip_r_0.050,7.440476190476e-05,0.0,0.0,0.0,0.23677225212933703,0.00403120920603291,0.04488186820807624,5,2,0.0,0.0,0.0,0.0,0.015625,0.0001221050969211,True,False,evaluation_or_label_path,gate3d_ood_wed_fri_morning,128,128
ood,trc82af0ba__te3ec6a4d7,svc_rbf,8,target_shift,label_flip_r_0.050,4.960317460317e-05,0.0,0.0,0.0,0.23677225212933703,0.004028585807719722,0.044880675754297515,5,2,0.0,0.0,0.0,0.0,0.015625,0.0001221050969211,True,False,evaluation_or_label_path,gate3c_ood_wed_thu_webattacks,128,128
ood,trc82af0ba__te5c44b321,qsvc_zz_r1,8,target_shift,label_flip_r_0.100,4.9221611721609994e-05,0.0,0.0,0.0,0.9031082880500362,0.014001598298979031,0.17056586978136065,5,2,0.0,0.0,0.0,0.0,0.03125,0.0004888385244522,True,False,evaluation_or_label_path,gate3d_ood_wed_fri_morning,128,128
ood,trc82af0ba__te5c44b321,svc_rbf,8,target_shift,label_flip_r_0.050,3.720238095238e-05,0.0,0.0,0.0,0.23677225212933703,0.0034866008501381147,0.04463431895539679,5,2,0.0,0.0,0.0,0.0,0.015625,0.0001221050969211,True,False,evaluation_or_label_path,gate3d_ood_wed_fri_morning,128,128
ood,trc82af0ba__te3ec6a4d7,svc_rbf,10,target_shift,label_flip_r_0.050,3.720238095236999e-05,0.0,0.0,0.0,0.23677225212933703,0.004048060640595972,0.04488952795105945,5,2,0.0,0.0,0.0,0.0,0.015625,0.0001221050969211,True,False,evaluation_or_label_path,gate3c_ood_wed_thu_webattacks,128,128
ood,trc82af0ba__te3ec6a4d7,svc_rbf,12,target_shift,label_flip_r_0.050,3.720238095236999e-05,0.0,0.0,0.0,0.23677225212933703,0.007591165496572192,0.04650003015832137,5,2,0.0,0.0,0.0,0.0,0.015625,0.0001221050969211,True,False,evaluation_or_label_path,gate3c_ood_wed_thu_webattacks,128,128
