all,attack_family,attack,regime,rule,n,n_fire,detection_rate
all_environments,corruption,feature_sign_flip_p_0.020,I_X,union,600,71,0.11833333333333333
all_environments,corruption,feature_sign_flip_p_0.020,I_X,family,600,54,0.09
all_environments,corruption,feature_sign_flip_p_0.020,I_XF,union,600,115,0.19166666666666668
all_environments,corruption,feature_sign_flip_p_0.020,I_XF,family,600,91,0.15166666666666667
all_environments,corruption,feature_sign_flip_p_0.020,I_Ym,union,600,0,0.0
all_environments,corruption,feature_sign_flip_p_0.020,I_Ym,family,600,0,0.0
all_environments,corruption,feature_sign_flip_p_0.020,I_XFY,union,600,120,0.2
all_environments,corruption,feature_sign_flip_p_0.020,I_XFY,family,600,92,0.15333333333333332
all_environments,corruption,feature_sign_flip_p_0.050,I_X,union,600,319,0.5316666666666666
all_environments,corruption,feature_sign_flip_p_0.050,I_X,family,600,281,0.4683333333333333
all_environments,corruption,feature_sign_flip_p_0.050,I_XF,union,600,384,0.64
all_environments,corruption,feature_sign_flip_p_0.050,I_XF,family,600,334,0.5566666666666666
all_environments,corruption,feature_sign_flip_p_0.050,I_Ym,union,600,0,0.0
all_environments,corruption,feature_sign_flip_p_0.050,I_Ym,family,600,0,0.0
all_environments,corruption,feature_sign_flip_p_0.050,I_XFY,union,600,386,0.6433333333333333
all_environments,corruption,feature_sign_flip_p_0.050,I_XFY,family,600,318,0.53
all_environments,corruption,feature_sign_flip_p_0.100,I_X,union,600,454,0.7566666666666667
all_environments,corruption,feature_sign_flip_p_0.100,I_X,family,600,433,0.7216666666666667
all_environments,corruption,feature_sign_flip_p_0.100,I_XF,union,600,526,0.8766666666666667
all_environments,corruption,feature_sign_flip_p_0.100,I_XF,family,600,509,0.8483333333333334
all_environments,corruption,feature_sign_flip_p_0.100,I_Ym,union,600,0,0.0
all_environments,corruption,feature_sign_flip_p_0.100,I_Ym,family,600,0,0.0
all_environments,corruption,feature_sign_flip_p_0.100,I_XFY,union,600,527,0.8783333333333333
all_environments,corruption,feature_sign_flip_p_0.100,I_XFY,family,600,504,0.84
all_environments,covariate_shift,mean_shift_pf_delta_0.020,I_X,union,600,600,1.0
all_environments,covariate_shift,mean_shift_pf_delta_0.020,I_X,family,600,600,1.0
all_environments,covariate_shift,mean_shift_pf_delta_0.020,I_XF,union,600,600,1.0
all_environments,covariate_shift,mean_shift_pf_delta_0.020,I_XF,family,600,598,0.9966666666666667
all_environments,covariate_shift,mean_shift_pf_delta_0.020,I_Ym,union,600,0,0.0
all_environments,covariate_shift,mean_shift_pf_delta_0.020,I_Ym,family,600,0,0.0
all_environments,covariate_shift,mean_shift_pf_delta_0.020,I_XFY,union,600,600,1.0
all_environments,covariate_shift,mean_shift_pf_delta_0.020,I_XFY,family,600,597,0.995
all_environments,covariate_shift,mean_shift_pf_delta_0.050,I_X,union,600,600,1.0
all_environments,covariate_shift,mean_shift_pf_delta_0.050,I_X,family,600,600,1.0
all_environments,covariate_shift,mean_shift_pf_delta_0.050,I_XF,union,600,600,1.0
all_environments,covariate_shift,mean_shift_pf_delta_0.050,I_XF,family,600,600,1.0
all_environments,covariate_shift,mean_shift_pf_delta_0.050,I_Ym,union,600,0,0.0
all_environments,covariate_shift,mean_shift_pf_delta_0.050,I_Ym,family,600,0,0.0
all_environments,covariate_shift,mean_shift_pf_delta_0.050,I_XFY,union,600,600,1.0
all_environments,covariate_shift,mean_shift_pf_delta_0.050,I_XFY,family,600,600,1.0
all_environments,covariate_shift,mean_shift_pf_delta_0.100,I_X,union,600,600,1.0
all_environments,covariate_shift,mean_shift_pf_delta_0.100,I_X,family,600,600,1.0
all_environments,covariate_shift,mean_shift_pf_delta_0.100,I_XF,union,600,600,1.0
all_environments,covariate_shift,mean_shift_pf_delta_0.100,I_XF,family,600,600,1.0
all_environments,covariate_shift,mean_shift_pf_delta_0.100,I_Ym,union,600,0,0.0
all_environments,covariate_shift,mean_shift_pf_delta_0.100,I_Ym,family,600,0,0.0
all_environments,covariate_shift,mean_shift_pf_delta_0.100,I_XFY,union,600,600,1.0
all_environments,covariate_shift,mean_shift_pf_delta_0.100,I_XFY,family,600,600,1.0
all_environments,covariate_shift,scaling_drift_alpha_0.020,I_X,union,600,600,1.0
all_environments,covariate_shift,scaling_drift_alpha_0.020,I_X,family,600,597,0.995
all_environments,covariate_shift,scaling_drift_alpha_0.020,I_XF,union,600,600,1.0
all_environments,covariate_shift,scaling_drift_alpha_0.020,I_XF,family,600,592,0.9866666666666667
all_environments,covariate_shift,scaling_drift_alpha_0.020,I_Ym,union,600,0,0.0
all_environments,covariate_shift,scaling_drift_alpha_0.020,I_Ym,family,600,0,0.0
all_environments,covariate_shift,scaling_drift_alpha_0.020,I_XFY,union,600,600,1.0
all_environments,covariate_shift,scaling_drift_alpha_0.020,I_XFY,family,600,591,0.985
all_environments,covariate_shift,scaling_drift_alpha_0.050,I_X,union,600,600,1.0
all_environments,covariate_shift,scaling_drift_alpha_0.050,I_X,family,600,600,1.0
all_environments,covariate_shift,scaling_drift_alpha_0.050,I_XF,union,600,600,1.0
all_environments,covariate_shift,scaling_drift_alpha_0.050,I_XF,family,600,600,1.0
all_environments,covariate_shift,scaling_drift_alpha_0.050,I_Ym,union,600,0,0.0
all_environments,covariate_shift,scaling_drift_alpha_0.050,I_Ym,family,600,0,0.0
all_environments,covariate_shift,scaling_drift_alpha_0.050,I_XFY,union,600,600,1.0
all_environments,covariate_shift,scaling_drift_alpha_0.050,I_XFY,family,600,600,1.0
all_environments,covariate_shift,scaling_drift_alpha_0.100,I_X,union,600,600,1.0
all_environments,covariate_shift,scaling_drift_alpha_0.100,I_X,family,600,600,1.0
all_environments,covariate_shift,scaling_drift_alpha_0.100,I_XF,union,600,600,1.0
all_environments,covariate_shift,scaling_drift_alpha_0.100,I_XF,family,600,600,1.0
all_environments,covariate_shift,scaling_drift_alpha_0.100,I_Ym,union,600,0,0.0
all_environments,covariate_shift,scaling_drift_alpha_0.100,I_Ym,family,600,0,0.0
all_environments,covariate_shift,scaling_drift_alpha_0.100,I_XFY,union,600,600,1.0
all_environments,covariate_shift,scaling_drift_alpha_0.100,I_XFY,family,600,600,1.0
all_environments,pipeline,feature_dropout_p_0.020,I_X,union,600,0,0.0
all_environments,pipeline,feature_dropout_p_0.020,I_X,family,600,0,0.0
all_environments,pipeline,feature_dropout_p_0.020,I_XF,union,600,0,0.0
all_environments,pipeline,feature_dropout_p_0.020,I_XF,family,600,0,0.0
all_environments,pipeline,feature_dropout_p_0.020,I_Ym,union,600,0,0.0
all_environments,pipeline,feature_dropout_p_0.020,I_Ym,family,600,0,0.0
all_environments,pipeline,feature_dropout_p_0.020,I_XFY,union,600,0,0.0
all_environments,pipeline,feature_dropout_p_0.020,I_XFY,family,600,0,0.0
all_environments,pipeline,feature_dropout_p_0.050,I_X,union,600,0,0.0
all_environments,pipeline,feature_dropout_p_0.050,I_X,family,600,0,0.0
all_environments,pipeline,feature_dropout_p_0.050,I_XF,union,600,13,0.021666666666666667
all_environments,pipeline,feature_dropout_p_0.050,I_XF,family,600,7,0.011666666666666667
all_environments,pipeline,feature_dropout_p_0.050,I_Ym,union,600,0,0.0
all_environments,pipeline,feature_dropout_p_0.050,I_Ym,family,600,0,0.0
all_environments,pipeline,feature_dropout_p_0.050,I_XFY,union,600,13,0.021666666666666667
all_environments,pipeline,feature_dropout_p_0.050,I_XFY,family,600,7,0.011666666666666667
all_environments,pipeline,feature_dropout_p_0.100,I_X,union,600,0,0.0
all_environments,pipeline,feature_dropout_p_0.100,I_X,family,600,0,0.0
all_environments,pipeline,feature_dropout_p_0.100,I_XF,union,600,37,0.06166666666666667
all_environments,pipeline,feature_dropout_p_0.100,I_XF,family,600,23,0.03833333333333333
all_environments,pipeline,feature_dropout_p_0.100,I_Ym,union,600,0,0.0
all_environments,pipeline,feature_dropout_p_0.100,I_Ym,family,600,0,0.0
all_environments,pipeline,feature_dropout_p_0.100,I_XFY,union,600,37,0.06166666666666667
all_environments,pipeline,feature_dropout_p_0.100,I_XFY,family,600,20,0.03333333333333333
all_environments,target_shift,label_flip_prior_preserving_r_0.020,I_X,union,600,0,0.0
all_environments,target_shift,label_flip_prior_preserving_r_0.020,I_X,family,600,0,0.0
all_environments,target_shift,label_flip_prior_preserving_r_0.020,I_XF,union,600,0,0.0
all_environments,target_shift,label_flip_prior_preserving_r_0.020,I_XF,family,600,0,0.0
all_environments,target_shift,label_flip_prior_preserving_r_0.020,I_Ym,union,600,0,0.0
all_environments,target_shift,label_flip_prior_preserving_r_0.020,I_Ym,family,600,0,0.0
all_environments,target_shift,label_flip_prior_preserving_r_0.020,I_XFY,union,600,0,0.0
all_environments,target_shift,label_flip_prior_preserving_r_0.020,I_XFY,family,600,0,0.0
all_environments,target_shift,label_flip_prior_preserving_r_0.050,I_X,union,600,0,0.0
all_environments,target_shift,label_flip_prior_preserving_r_0.050,I_X,family,600,0,0.0
all_environments,target_shift,label_flip_prior_preserving_r_0.050,I_XF,union,600,0,0.0
all_environments,target_shift,label_flip_prior_preserving_r_0.050,I_XF,family,600,0,0.0
all_environments,target_shift,label_flip_prior_preserving_r_0.050,I_Ym,union,600,0,0.0
all_environments,target_shift,label_flip_prior_preserving_r_0.050,I_Ym,family,600,0,0.0
all_environments,target_shift,label_flip_prior_preserving_r_0.050,I_XFY,union,600,1,0.0016666666666666668
all_environments,target_shift,label_flip_prior_preserving_r_0.050,I_XFY,family,600,0,0.0
all_environments,target_shift,label_flip_prior_preserving_r_0.100,I_X,union,600,0,0.0
all_environments,target_shift,label_flip_prior_preserving_r_0.100,I_X,family,600,0,0.0
all_environments,target_shift,label_flip_prior_preserving_r_0.100,I_XF,union,600,0,0.0
all_environments,target_shift,label_flip_prior_preserving_r_0.100,I_XF,family,600,0,0.0
all_environments,target_shift,label_flip_prior_preserving_r_0.100,I_Ym,union,600,0,0.0
all_environments,target_shift,label_flip_prior_preserving_r_0.100,I_Ym,family,600,0,0.0
all_environments,target_shift,label_flip_prior_preserving_r_0.100,I_XFY,union,600,20,0.03333333333333333
all_environments,target_shift,label_flip_prior_preserving_r_0.100,I_XFY,family,600,9,0.015
all_environments,target_shift,label_flip_r_0.020,I_X,union,600,0,0.0
all_environments,target_shift,label_flip_r_0.020,I_X,family,600,0,0.0
all_environments,target_shift,label_flip_r_0.020,I_XF,union,600,0,0.0
all_environments,target_shift,label_flip_r_0.020,I_XF,family,600,0,0.0
all_environments,target_shift,label_flip_r_0.020,I_Ym,union,600,0,0.0
all_environments,target_shift,label_flip_r_0.020,I_Ym,family,600,0,0.0
all_environments,target_shift,label_flip_r_0.020,I_XFY,union,600,0,0.0
all_environments,target_shift,label_flip_r_0.020,I_XFY,family,600,0,0.0
all_environments,target_shift,label_flip_r_0.050,I_X,union,600,0,0.0
all_environments,target_shift,label_flip_r_0.050,I_X,family,600,0,0.0
all_environments,target_shift,label_flip_r_0.050,I_XF,union,600,0,0.0
all_environments,target_shift,label_flip_r_0.050,I_XF,family,600,0,0.0
all_environments,target_shift,label_flip_r_0.050,I_Ym,union,600,0,0.0
all_environments,target_shift,label_flip_r_0.050,I_Ym,family,600,0,0.0
all_environments,target_shift,label_flip_r_0.050,I_XFY,union,600,2,0.0033333333333333335
all_environments,target_shift,label_flip_r_0.050,I_XFY,family,600,0,0.0
all_environments,target_shift,label_flip_r_0.100,I_X,union,600,0,0.0
all_environments,target_shift,label_flip_r_0.100,I_X,family,600,0,0.0
all_environments,target_shift,label_flip_r_0.100,I_XF,union,600,0,0.0
all_environments,target_shift,label_flip_r_0.100,I_XF,family,600,0,0.0
all_environments,target_shift,label_flip_r_0.100,I_Ym,union,600,0,0.0
all_environments,target_shift,label_flip_r_0.100,I_Ym,family,600,0,0.0
all_environments,target_shift,label_flip_r_0.100,I_XFY,union,600,20,0.03333333333333333
all_environments,target_shift,label_flip_r_0.100,I_XFY,family,600,7,0.011666666666666667
