gate,regime,rule,n_draws,n_fire,pooled_rate,n_clusters,cluster_mean,cluster_ci95_low,cluster_ci95_high,n_test,n_pool_half,max_disjoint_draws_per_half,unit
gate2_id_256,I_X,union,1200,244,0.20333333333333334,5,0.2033333333333333,-0.044659716398013805,0.4513263830646804,256,322,1,environment x split-seed cluster; two-sided 95% Student-t over 5 clusters
gate2_id_256,I_X,family,1200,159,0.1325,5,0.1325,-0.04500801767285817,0.3100080176728582,256,322,1,environment x split-seed cluster; two-sided 95% Student-t over 5 clusters
gate2_id_256,I_XF,union,1200,294,0.245,5,0.24500000000000002,-0.011664793252507993,0.501664793252508,256,322,1,environment x split-seed cluster; two-sided 95% Student-t over 5 clusters
gate2_id_256,I_XF,family,1200,150,0.125,5,0.125,-0.01967591037266936,0.26967591037266936,256,322,1,environment x split-seed cluster; two-sided 95% Student-t over 5 clusters
gate2_id_256,I_Ym,union,1200,54,0.045,5,0.045,-0.04655956570242831,0.1365595657024283,256,322,1,environment x split-seed cluster; two-sided 95% Student-t over 5 clusters
gate2_id_256,I_Ym,family,1200,54,0.045,5,0.045,-0.04655956570242831,0.1365595657024283,256,322,1,environment x split-seed cluster; two-sided 95% Student-t over 5 clusters
gate2_id_256,I_XFY,union,1200,397,0.3308333333333333,5,0.3308333333333333,0.061890715480123704,0.5997759511865429,256,322,1,environment x split-seed cluster; two-sided 95% Student-t over 5 clusters
gate2_id_256,I_XFY,family,1200,175,0.14583333333333334,5,0.14583333333333331,0.0012036822457386354,0.290462984420928,256,322,1,environment x split-seed cluster; two-sided 95% Student-t over 5 clusters
gate3a_ood_tue_wed,I_X,union,1200,180,0.15,5,0.15,0.023484586489353337,0.2765154135106467,128,1436,11,environment x split-seed cluster; two-sided 95% Student-t over 5 clusters
gate3a_ood_tue_wed,I_X,family,1200,118,0.09833333333333333,5,0.09833333333333334,-0.008046752556581618,0.20471341922324832,128,1436,11,environment x split-seed cluster; two-sided 95% Student-t over 5 clusters
gate3a_ood_tue_wed,I_XF,union,1200,276,0.23,5,0.22999999999999998,0.11763636367799948,0.3423636363220005,128,1436,11,environment x split-seed cluster; two-sided 95% Student-t over 5 clusters
gate3a_ood_tue_wed,I_XF,family,1200,114,0.095,5,0.095,0.02097954188293817,0.16902045811706184,128,1436,11,environment x split-seed cluster; two-sided 95% Student-t over 5 clusters
gate3a_ood_tue_wed,I_Ym,union,1200,30,0.025,5,0.025,-0.006041599955094162,0.05604159995509417,128,1436,11,environment x split-seed cluster; two-sided 95% Student-t over 5 clusters
gate3a_ood_tue_wed,I_Ym,family,1200,30,0.025,5,0.025,-0.006041599955094162,0.05604159995509417,128,1436,11,environment x split-seed cluster; two-sided 95% Student-t over 5 clusters
gate3a_ood_tue_wed,I_XFY,union,1200,305,0.25416666666666665,5,0.2541666666666667,0.11452737878913641,0.393805954544197,128,1436,11,environment x split-seed cluster; two-sided 95% Student-t over 5 clusters
gate3a_ood_tue_wed,I_XFY,family,1200,122,0.10166666666666667,5,0.10166666666666666,0.022137815641717573,0.18119551769161574,128,1436,11,environment x split-seed cluster; two-sided 95% Student-t over 5 clusters
gate3b_ood_tue_fri_portscan,I_X,union,1200,79,0.06583333333333333,5,0.06583333333333333,0.0032776844099144664,0.1283889822567522,128,1436,11,environment x split-seed cluster; two-sided 95% Student-t over 5 clusters
gate3b_ood_tue_fri_portscan,I_X,family,1200,47,0.03916666666666667,5,0.03916666666666666,0.00017542951100159299,0.07815790382233173,128,1436,11,environment x split-seed cluster; two-sided 95% Student-t over 5 clusters
gate3b_ood_tue_fri_portscan,I_XF,union,1200,192,0.16,5,0.16,0.055140431855958044,0.264859568144042,128,1436,11,environment x split-seed cluster; two-sided 95% Student-t over 5 clusters
gate3b_ood_tue_fri_portscan,I_XF,family,1200,54,0.045,5,0.045,-0.00639861584039509,0.09639861584039508,128,1436,11,environment x split-seed cluster; two-sided 95% Student-t over 5 clusters
gate3b_ood_tue_fri_portscan,I_Ym,union,1200,30,0.025,5,0.025,-0.006041599955094162,0.05604159995509417,128,1436,11,environment x split-seed cluster; two-sided 95% Student-t over 5 clusters
gate3b_ood_tue_fri_portscan,I_Ym,family,1200,30,0.025,5,0.025,-0.006041599955094162,0.05604159995509417,128,1436,11,environment x split-seed cluster; two-sided 95% Student-t over 5 clusters
gate3b_ood_tue_fri_portscan,I_XFY,union,1200,237,0.1975,5,0.19749999999999995,0.09855025077525528,0.29644974922474465,128,1436,11,environment x split-seed cluster; two-sided 95% Student-t over 5 clusters
gate3b_ood_tue_fri_portscan,I_XFY,family,1200,55,0.04583333333333333,5,0.04583333333333334,-0.0014421616899197298,0.0931088283565864,128,1436,11,environment x split-seed cluster; two-sided 95% Student-t over 5 clusters
gate3c_ood_wed_thu_webattacks,I_X,union,1200,84,0.07,5,0.07,0.026192101003592566,0.11380789899640745,128,1436,11,environment x split-seed cluster; two-sided 95% Student-t over 5 clusters
gate3c_ood_wed_thu_webattacks,I_X,family,1200,53,0.04416666666666667,5,0.04416666666666667,0.003167722823871559,0.08516561050946178,128,1436,11,environment x split-seed cluster; two-sided 95% Student-t over 5 clusters
gate3c_ood_wed_thu_webattacks,I_XF,union,1200,195,0.1625,5,0.1625,0.10701932100727124,0.21798067899272877,128,1436,11,environment x split-seed cluster; two-sided 95% Student-t over 5 clusters
gate3c_ood_wed_thu_webattacks,I_XF,family,1200,65,0.05416666666666667,5,0.054166666666666675,-0.0016746705918379012,0.11000800392517125,128,1436,11,environment x split-seed cluster; two-sided 95% Student-t over 5 clusters
gate3c_ood_wed_thu_webattacks,I_Ym,union,1200,30,0.025,5,0.025,-0.006041599955094162,0.05604159995509417,128,1436,11,environment x split-seed cluster; two-sided 95% Student-t over 5 clusters
gate3c_ood_wed_thu_webattacks,I_Ym,family,1200,30,0.025,5,0.025,-0.006041599955094162,0.05604159995509417,128,1436,11,environment x split-seed cluster; two-sided 95% Student-t over 5 clusters
gate3c_ood_wed_thu_webattacks,I_XFY,union,1200,217,0.18083333333333335,5,0.18083333333333332,0.12528033537139627,0.23638633129527037,128,1436,11,environment x split-seed cluster; two-sided 95% Student-t over 5 clusters
gate3c_ood_wed_thu_webattacks,I_XFY,family,1200,65,0.05416666666666667,5,0.05416666666666666,0.006608927374557927,0.1017244059587754,128,1436,11,environment x split-seed cluster; two-sided 95% Student-t over 5 clusters
gate3d_ood_wed_fri_morning,I_X,union,1200,159,0.1325,5,0.1325,0.06951792726501334,0.1954820727349867,128,1436,11,environment x split-seed cluster; two-sided 95% Student-t over 5 clusters
gate3d_ood_wed_fri_morning,I_X,family,1200,72,0.06,5,0.06000000000000001,0.024607130575443142,0.09539286942455688,128,1436,11,environment x split-seed cluster; two-sided 95% Student-t over 5 clusters
gate3d_ood_wed_fri_morning,I_XF,union,1200,255,0.2125,5,0.2125,0.13637596545719682,0.28862403454280317,128,1436,11,environment x split-seed cluster; two-sided 95% Student-t over 5 clusters
gate3d_ood_wed_fri_morning,I_XF,family,1200,76,0.06333333333333334,5,0.06333333333333334,0.03635113692152156,0.09031552974514512,128,1436,11,environment x split-seed cluster; two-sided 95% Student-t over 5 clusters
gate3d_ood_wed_fri_morning,I_Ym,union,1200,30,0.025,5,0.025,-0.006041599955094162,0.05604159995509417,128,1436,11,environment x split-seed cluster; two-sided 95% Student-t over 5 clusters
gate3d_ood_wed_fri_morning,I_Ym,family,1200,30,0.025,5,0.025,-0.006041599955094162,0.05604159995509417,128,1436,11,environment x split-seed cluster; two-sided 95% Student-t over 5 clusters
gate3d_ood_wed_fri_morning,I_XFY,union,1200,309,0.2575,5,0.25749999999999995,0.1818698244627005,0.3331301755372994,128,1436,11,environment x split-seed cluster; two-sided 95% Student-t over 5 clusters
gate3d_ood_wed_fri_morning,I_XFY,family,1200,73,0.060833333333333336,5,0.06083333333333333,0.03586032812043173,0.08580633854623493,128,1436,11,environment x split-seed cluster; two-sided 95% Student-t over 5 clusters
gate5a_id_unsw,I_X,union,2400,152,0.06333333333333334,5,0.06333333333333332,-0.01909187333438077,0.14575854000104743,128,386,3,environment x split-seed cluster; two-sided 95% Student-t over 5 clusters
gate5a_id_unsw,I_X,family,2400,61,0.025416666666666667,5,0.025416666666666664,-0.017768175434379113,0.06860150876771244,128,386,3,environment x split-seed cluster; two-sided 95% Student-t over 5 clusters
gate5a_id_unsw,I_XF,union,2400,324,0.135,5,0.135,0.03849814418953319,0.23150185581046684,128,386,3,environment x split-seed cluster; two-sided 95% Student-t over 5 clusters
gate5a_id_unsw,I_XF,family,2400,122,0.050833333333333335,5,0.05083333333333333,0.008898441021750053,0.0927682256449166,128,386,3,environment x split-seed cluster; two-sided 95% Student-t over 5 clusters
gate5a_id_unsw,I_Ym,union,2400,168,0.07,5,0.06999999999999999,0.014471097896044026,0.12552890210395595,128,386,3,environment x split-seed cluster; two-sided 95% Student-t over 5 clusters
gate5a_id_unsw,I_Ym,family,2400,168,0.07,5,0.06999999999999999,0.014471097896044026,0.12552890210395595,128,386,3,environment x split-seed cluster; two-sided 95% Student-t over 5 clusters
gate5a_id_unsw,I_XFY,union,2400,503,0.20958333333333334,5,0.20958333333333332,0.10794480456680991,0.3112218620998567,128,386,3,environment x split-seed cluster; two-sided 95% Student-t over 5 clusters
gate5a_id_unsw,I_XFY,family,2400,129,0.05375,5,0.05375,0.005792932620584175,0.10170706737941582,128,386,3,environment x split-seed cluster; two-sided 95% Student-t over 5 clusters
gate5b_id_ton_iot,I_X,union,2400,516,0.215,5,0.21500000000000002,-0.06518399671693875,0.4951839967169388,128,386,3,environment x split-seed cluster; two-sided 95% Student-t over 5 clusters
gate5b_id_ton_iot,I_X,family,2400,171,0.07125,5,0.07125000000000001,-0.027834908076469517,0.17033490807646953,128,386,3,environment x split-seed cluster; two-sided 95% Student-t over 5 clusters
gate5b_id_ton_iot,I_XF,union,2400,672,0.28,5,0.27999999999999997,0.002255487982571469,0.5577445120174285,128,386,3,environment x split-seed cluster; two-sided 95% Student-t over 5 clusters
gate5b_id_ton_iot,I_XF,family,2400,212,0.08833333333333333,5,0.08833333333333333,0.0062131276129347435,0.17045353905373192,128,386,3,environment x split-seed cluster; two-sided 95% Student-t over 5 clusters
gate5b_id_ton_iot,I_Ym,union,2400,168,0.07,5,0.06999999999999999,0.014471097896044026,0.12552890210395595,128,386,3,environment x split-seed cluster; two-sided 95% Student-t over 5 clusters
gate5b_id_ton_iot,I_Ym,family,2400,168,0.07,5,0.06999999999999999,0.014471097896044026,0.12552890210395595,128,386,3,environment x split-seed cluster; two-sided 95% Student-t over 5 clusters
gate5b_id_ton_iot,I_XFY,union,2400,860,0.35833333333333334,5,0.3583333333333333,0.09177366623821265,0.6248930004284539,128,386,3,environment x split-seed cluster; two-sided 95% Student-t over 5 clusters
gate5b_id_ton_iot,I_XFY,family,2400,245,0.10208333333333333,5,0.10208333333333333,-0.0007887297836350199,0.2049553964503017,128,386,3,environment x split-seed cluster; two-sided 95% Student-t over 5 clusters
gate6_ood_unsw,I_X,union,1200,86,0.07166666666666667,5,0.07166666666666666,-0.04270383256502455,0.18603716589835786,128,1436,11,environment x split-seed cluster; two-sided 95% Student-t over 5 clusters
gate6_ood_unsw,I_X,family,1200,52,0.043333333333333335,5,0.043333333333333335,-0.032048699407679584,0.11871536607434625,128,1436,11,environment x split-seed cluster; two-sided 95% Student-t over 5 clusters
gate6_ood_unsw,I_XF,union,1200,230,0.19166666666666668,5,0.19166666666666668,0.10463324355942573,0.27870008977390764,128,1436,11,environment x split-seed cluster; two-sided 95% Student-t over 5 clusters
gate6_ood_unsw,I_XF,family,1200,78,0.065,5,0.06499999999999999,0.02131446967557319,0.1086855303244268,128,1436,11,environment x split-seed cluster; two-sided 95% Student-t over 5 clusters
gate6_ood_unsw,I_Ym,union,1200,60,0.05,5,0.05,-0.008073515884629859,0.10807351588462986,128,1436,11,environment x split-seed cluster; two-sided 95% Student-t over 5 clusters
gate6_ood_unsw,I_Ym,family,1200,60,0.05,5,0.05,-0.008073515884629859,0.10807351588462986,128,1436,11,environment x split-seed cluster; two-sided 95% Student-t over 5 clusters
gate6_ood_unsw,I_XFY,union,1200,285,0.2375,5,0.2375,0.17456043963754878,0.30043956036245123,128,1436,11,environment x split-seed cluster; two-sided 95% Student-t over 5 clusters
gate6_ood_unsw,I_XFY,family,1200,78,0.065,5,0.065,0.033829328386496556,0.09617067161350346,128,1436,11,environment x split-seed cluster; two-sided 95% Student-t over 5 clusters
