all,attack_family,target,target_kind,n,n_fire,detection_rate,ci95_low,ci95_high
all_environments,corruption,integrity_jsd_vs_clean_eval,sensor,1800,0,0.0,0.0,0.0020472789343030334
all_environments,corruption,integrity_mmd_vs_clean_eval,sensor,1800,844,0.4688888888888889,0.44562415950350626,0.4922551763340665
all_environments,corruption,integrity_ks_reject05_vs_clean_eval,sensor,1800,0,0.0,0.0,0.0020472789343030334
all_environments,corruption,integrity_score_jsd_vs_clean_eval,sensor,1800,535,0.2972222222222222,0.27617546629490697,0.3189318620752539
all_environments,corruption,integrity_pred_pos_rate_shift,sensor,1800,602,0.33444444444444443,0.3126557975056972,0.35677400914977336
all_environments,corruption,integrity_pred_jsd,sensor,1800,609,0.3383333333333333,0.3164761979668557,0.36071865571625855
all_environments,corruption,integrity_label_prior_shift,sensor,1800,0,0.0,0.0,0.0020472789343030334
all_environments,corruption,integrity_label_jsd,sensor,1800,0,0.0,0.0,0.0020472789343030334
all_environments,corruption,integrity_confusion_profile_l1,sensor,1800,503,0.27944444444444444,0.25881014133919367,0.3007999728088809
all_environments,corruption,integrity_confusion_profile_jsd,sensor,1800,604,0.33555555555555555,0.31374717156230214,0.3579012197546765
all_environments,corruption,I_X,regime,1800,844,0.4688888888888889,0.44562415950350626,0.4922551763340665
all_environments,corruption,I_XF,regime,1800,1025,0.5694444444444444,0.5461944391217142,0.5924677301315293
all_environments,corruption,I_Ym,regime,1800,0,0.0,0.0,0.0020472789343030334
all_environments,corruption,I_XFY,regime,1800,1033,0.5738888888888889,0.5506613208728117,0.596875222304067
all_environments,corruption,integrity_pred_disagreement,sensor_exact,1800,1540,0.8555555555555555,0.8384590494547929,0.8714838680050041
all_environments,corruption,integrity_confusion_profile_l1_delta,sensor_exact,1800,1527,0.8483333333333334,0.8309188558369676,0.8646038426126705
all_environments,corruption,integrity_confusion_profile_jsd_delta,sensor_exact,1800,1527,0.8483333333333334,0.8309188558369676,0.8646038426126705
all_environments,corruption,label_flip_rate,sensor_exact,1800,0,0.0,0.0,0.0020472789343030334
all_environments,corruption,I_XF_item_aligned,regime_exact,1800,1540,0.8555555555555555,0.8384590494547929,0.8714838680050041
all_environments,corruption,I_XFY_item_aligned,regime_exact,1800,1540,0.8555555555555555,0.8384590494547929,0.8714838680050041
all_environments,covariate_shift,integrity_jsd_vs_clean_eval,sensor,3600,2962,0.8227777777777778,0.809904622342093,0.8351245120149694
all_environments,covariate_shift,integrity_mmd_vs_clean_eval,sensor,3600,1295,0.3597222222222222,0.34402546458339095,0.37564708732656604
all_environments,covariate_shift,integrity_ks_reject05_vs_clean_eval,sensor,3600,3600,1.0,0.9989758360769778,1.0
all_environments,covariate_shift,integrity_score_jsd_vs_clean_eval,sensor,3600,2842,0.7894444444444444,0.7757550606151123,0.8026622010183951
all_environments,covariate_shift,integrity_pred_pos_rate_shift,sensor,3600,734,0.2038888888888889,0.1908337939881008,0.21742655163196126
all_environments,covariate_shift,integrity_pred_jsd,sensor,3600,782,0.21722222222222223,0.20384715964947203,0.23105797913087128
all_environments,covariate_shift,integrity_label_prior_shift,sensor,3600,0,0.0,0.0,0.0010241639230221269
all_environments,covariate_shift,integrity_label_jsd,sensor,3600,0,0.0,0.0,0.0010241639230221269
all_environments,covariate_shift,integrity_confusion_profile_l1,sensor,3600,684,0.19,0.17730185550500308,0.20320353280821127
all_environments,covariate_shift,integrity_confusion_profile_jsd,sensor,3600,755,0.20972222222222223,0.1965245016318559,0.22339293720926665
all_environments,covariate_shift,I_X,regime,3600,3600,1.0,0.9989758360769778,1.0
all_environments,covariate_shift,I_XF,regime,3600,3600,1.0,0.9989758360769778,1.0
all_environments,covariate_shift,I_Ym,regime,3600,0,0.0,0.0,0.0010241639230221269
all_environments,covariate_shift,I_XFY,regime,3600,3600,1.0,0.9989758360769778,1.0
all_environments,covariate_shift,integrity_pred_disagreement,sensor_exact,3600,1973,0.5480555555555555,0.5316257386627404,0.5644072607953583
all_environments,covariate_shift,integrity_confusion_profile_l1_delta,sensor_exact,3600,1937,0.5380555555555555,0.5216056507660014,0.5544436043306104
all_environments,covariate_shift,integrity_confusion_profile_jsd_delta,sensor_exact,3600,1937,0.5380555555555555,0.5216056507660014,0.5544436043306104
all_environments,covariate_shift,label_flip_rate,sensor_exact,3600,0,0.0,0.0,0.0010241639230221269
all_environments,covariate_shift,I_XF_item_aligned,regime_exact,3600,1973,0.5480555555555555,0.5316257386627404,0.5644072607953583
all_environments,covariate_shift,I_XFY_item_aligned,regime_exact,3600,1973,0.5480555555555555,0.5316257386627404,0.5644072607953583
all_environments,pipeline,integrity_jsd_vs_clean_eval,sensor,1800,0,0.0,0.0,0.0020472789343030334
all_environments,pipeline,integrity_mmd_vs_clean_eval,sensor,1800,0,0.0,0.0,0.0020472789343030334
all_environments,pipeline,integrity_ks_reject05_vs_clean_eval,sensor,1800,0,0.0,0.0,0.0020472789343030334
all_environments,pipeline,integrity_score_jsd_vs_clean_eval,sensor,1800,22,0.012222222222222223,0.007675017696859028,0.018446419037346267
all_environments,pipeline,integrity_pred_pos_rate_shift,sensor,1800,28,0.015555555555555555,0.010360791806450517,0.022404138994227742
all_environments,pipeline,integrity_pred_jsd,sensor,1800,34,0.01888888888888889,0.013115688088824249,0.026296062081849845
all_environments,pipeline,integrity_label_prior_shift,sensor,1800,0,0.0,0.0,0.0020472789343030334
all_environments,pipeline,integrity_label_jsd,sensor,1800,0,0.0,0.0,0.0020472789343030334
all_environments,pipeline,integrity_confusion_profile_l1,sensor,1800,15,0.008333333333333333,0.004671388094036717,0.01370737328117807
all_environments,pipeline,integrity_confusion_profile_jsd,sensor,1800,20,0.011111111111111112,0.006799797425742153,0.0171082769666977
all_environments,pipeline,I_X,regime,1800,0,0.0,0.0,0.0020472789343030334
all_environments,pipeline,I_XF,regime,1800,50,0.027777777777777776,0.02068593914776755,0.03645899093935767
all_environments,pipeline,I_Ym,regime,1800,0,0.0,0.0,0.0020472789343030334
all_environments,pipeline,I_XFY,regime,1800,50,0.027777777777777776,0.02068593914776755,0.03645899093935767
all_environments,pipeline,integrity_pred_disagreement,sensor_exact,1800,1174,0.6522222222222223,0.6297083125712087,0.6742388544104929
all_environments,pipeline,integrity_confusion_profile_l1_delta,sensor_exact,1800,1148,0.6377777777777778,0.6150855554078365,0.6600199761429519
all_environments,pipeline,integrity_confusion_profile_jsd_delta,sensor_exact,1800,1148,0.6377777777777778,0.6150855554078365,0.6600199761429519
all_environments,pipeline,label_flip_rate,sensor_exact,1800,0,0.0,0.0,0.0020472789343030334
all_environments,pipeline,I_XF_item_aligned,regime_exact,1800,1174,0.6522222222222223,0.6297083125712087,0.6742388544104929
all_environments,pipeline,I_XFY_item_aligned,regime_exact,1800,1174,0.6522222222222223,0.6297083125712087,0.6742388544104929
all_environments,target_shift,integrity_jsd_vs_clean_eval,sensor,3600,0,0.0,0.0,0.0010241639230221269
all_environments,target_shift,integrity_mmd_vs_clean_eval,sensor,3600,0,0.0,0.0,0.0010241639230221269
all_environments,target_shift,integrity_ks_reject05_vs_clean_eval,sensor,3600,0,0.0,0.0,0.0010241639230221269
all_environments,target_shift,integrity_score_jsd_vs_clean_eval,sensor,3600,0,0.0,0.0,0.0010241639230221269
all_environments,target_shift,integrity_pred_pos_rate_shift,sensor,3600,0,0.0,0.0,0.0010241639230221269
all_environments,target_shift,integrity_pred_jsd,sensor,3600,0,0.0,0.0,0.0010241639230221269
all_environments,target_shift,integrity_label_prior_shift,sensor,3600,0,0.0,0.0,0.0010241639230221269
all_environments,target_shift,integrity_label_jsd,sensor,3600,0,0.0,0.0,0.0010241639230221269
all_environments,target_shift,integrity_confusion_profile_l1,sensor,3600,5,0.001388888888888889,0.00045111737921690366,0.0032382024063766085
all_environments,target_shift,integrity_confusion_profile_jsd,sensor,3600,42,0.011666666666666667,0.00842088862052282,0.015737543689548612
all_environments,target_shift,I_X,regime,3600,0,0.0,0.0,0.0010241639230221269
all_environments,target_shift,I_XF,regime,3600,0,0.0,0.0,0.0010241639230221269
all_environments,target_shift,I_Ym,regime,3600,0,0.0,0.0,0.0010241639230221269
all_environments,target_shift,I_XFY,regime,3600,43,0.011944444444444445,0.008657370850912286,0.016055697098059485
all_environments,target_shift,integrity_pred_disagreement,sensor_exact,3600,0,0.0,0.0,0.0010241639230221269
all_environments,target_shift,integrity_confusion_profile_l1_delta,sensor_exact,3600,2792,0.7755555555555556,0.7615670558625472,0.7890951969372414
all_environments,target_shift,integrity_confusion_profile_jsd_delta,sensor_exact,3600,2792,0.7755555555555556,0.7615670558625472,0.7890951969372414
all_environments,target_shift,label_flip_rate,sensor_exact,3600,3600,1.0,0.9989758360769778,1.0
all_environments,target_shift,I_XF_item_aligned,regime_exact,3600,0,0.0,0.0,0.0010241639230221269
all_environments,target_shift,I_XFY_item_aligned,regime_exact,3600,3600,1.0,0.9989758360769778,1.0
