gate,svd_dim,split_seed,model_seed,n_eval,near_duplicate_rows_1e-6,near_duplicate_row_fraction_1e-6,max_cluster_mass_width_0.01sd,mean_cluster_mass_width_0.01sd,max_cluster_mass_width_0.001sd,n_features_cluster_ge_0.20_width_0.01sd,n_features
gate2_id_256,8,42,42,256,23,0.08984375,0.6953125,0.5625,0.5078125,8,8
gate2_id_256,8,42,43,256,22,0.0859375,0.796875,0.5869140625,0.5234375,8,8
gate2_id_256,8,43,42,256,23,0.08984375,0.84375,0.62548828125,0.76171875,8,8
gate2_id_256,8,43,43,256,13,0.05078125,0.87890625,0.57080078125,0.8125,8,8
gate2_id_256,8,44,42,256,25,0.09765625,0.84765625,0.6025390625,0.65625,8,8
gate2_id_256,8,44,43,256,19,0.07421875,0.8671875,0.57080078125,0.62109375,8,8
gate2_id_256,8,45,42,256,16,0.0625,0.87890625,0.5400390625,0.84375,8,8
gate2_id_256,8,45,43,256,18,0.0703125,0.80078125,0.57763671875,0.51953125,8,8
gate2_id_256,8,46,42,256,17,0.06640625,0.78125,0.6064453125,0.54296875,8,8
gate2_id_256,8,46,43,256,22,0.0859375,0.85546875,0.5771484375,0.69140625,8,8
gate2_id_256,10,42,42,256,21,0.08203125,0.6953125,0.548046875,0.5078125,10,10
gate2_id_256,10,42,43,256,22,0.0859375,0.796875,0.5671875,0.5234375,10,10
gate2_id_256,10,43,42,256,23,0.08984375,0.84375,0.610546875,0.76171875,10,10
gate2_id_256,10,43,43,256,12,0.046875,0.87890625,0.549609375,0.8125,10,10
gate2_id_256,10,44,42,256,25,0.09765625,0.84765625,0.583203125,0.65625,10,10
gate2_id_256,10,44,43,256,19,0.07421875,0.8671875,0.55,0.62109375,10,10
gate2_id_256,10,45,42,256,14,0.0546875,0.87890625,0.5203125,0.84375,10,10
gate2_id_256,10,45,43,256,17,0.06640625,0.80078125,0.561328125,0.51953125,10,10
gate2_id_256,10,46,42,256,16,0.0625,0.78125,0.57578125,0.54296875,10,10
gate2_id_256,10,46,43,256,21,0.08203125,0.85546875,0.541796875,0.69140625,10,10
gate2_id_256,12,42,42,256,21,0.08203125,0.6953125,0.5345052083333334,0.5078125,12,12
gate2_id_256,12,42,43,256,22,0.0859375,0.796875,0.546875,0.5234375,12,12
gate2_id_256,12,43,42,256,22,0.0859375,0.84375,0.59375,0.76171875,12,12
gate2_id_256,12,43,43,256,11,0.04296875,0.87890625,0.5328776041666666,0.8125,12,12
gate2_id_256,12,44,42,256,25,0.09765625,0.84765625,0.5690104166666666,0.65625,12,12
gate2_id_256,12,44,43,256,19,0.07421875,0.8671875,0.5341796875,0.62109375,12,12
gate2_id_256,12,45,42,256,13,0.05078125,0.87890625,0.5032552083333334,0.84375,12,12
gate2_id_256,12,45,43,256,17,0.06640625,0.80078125,0.5426432291666666,0.51953125,12,12
gate2_id_256,12,46,42,256,15,0.05859375,0.78125,0.5563151041666666,0.54296875,12,12
gate2_id_256,12,46,43,256,19,0.07421875,0.85546875,0.5211588541666666,0.69140625,12,12
gate3a_ood_tue_wed,8,42,42,128,5,0.0390625,0.7578125,0.470703125,0.4453125,8,8
gate3a_ood_tue_wed,8,42,43,128,9,0.0703125,0.7890625,0.5009765625,0.5078125,8,8
gate3a_ood_tue_wed,8,43,42,128,5,0.0390625,0.703125,0.505859375,0.453125,8,8
gate3a_ood_tue_wed,8,43,43,128,6,0.046875,0.796875,0.5068359375,0.4609375,8,8
gate3a_ood_tue_wed,8,44,42,128,6,0.046875,0.8203125,0.4736328125,0.4609375,8,8
gate3a_ood_tue_wed,8,44,43,128,10,0.078125,0.7578125,0.5703125,0.546875,8,8
gate3a_ood_tue_wed,8,45,42,128,6,0.046875,0.796875,0.529296875,0.5234375,8,8
gate3a_ood_tue_wed,8,45,43,128,10,0.078125,0.6015625,0.5146484375,0.5,8,8
gate3a_ood_tue_wed,8,46,42,128,10,0.078125,0.8125,0.52734375,0.4921875,8,8
gate3a_ood_tue_wed,8,46,43,128,4,0.03125,0.8203125,0.51953125,0.4140625,8,8
gate3a_ood_tue_wed,10,42,42,128,4,0.03125,0.7578125,0.4484375,0.4453125,10,10
gate3a_ood_tue_wed,10,42,43,128,9,0.0703125,0.7890625,0.46796875,0.5078125,10,10
gate3a_ood_tue_wed,10,43,42,128,5,0.0390625,0.703125,0.47421875,0.453125,10,10
gate3a_ood_tue_wed,10,43,43,128,6,0.046875,0.796875,0.4796875,0.4609375,10,10
gate3a_ood_tue_wed,10,44,42,128,6,0.046875,0.8203125,0.44921875,0.4609375,10,10
gate3a_ood_tue_wed,10,44,43,128,10,0.078125,0.7578125,0.55078125,0.546875,10,10
gate3a_ood_tue_wed,10,45,42,128,6,0.046875,0.796875,0.49765625,0.5234375,10,10
gate3a_ood_tue_wed,10,45,43,128,10,0.078125,0.6015625,0.496875,0.5,10,10
gate3a_ood_tue_wed,10,46,42,128,9,0.0703125,0.8125,0.4984375,0.4921875,10,10
gate3a_ood_tue_wed,10,46,43,128,4,0.03125,0.8203125,0.49140625,0.4140625,10,10
gate3a_ood_tue_wed,12,42,42,128,3,0.0234375,0.7578125,0.4309895833333333,0.4453125,12,12
gate3a_ood_tue_wed,12,42,43,128,9,0.0703125,0.7890625,0.453125,0.5078125,12,12
gate3a_ood_tue_wed,12,43,42,128,5,0.0390625,0.703125,0.4583333333333333,0.453125,12,12
gate3a_ood_tue_wed,12,43,43,128,5,0.0390625,0.796875,0.462890625,0.4609375,12,12
gate3a_ood_tue_wed,12,44,42,128,6,0.046875,0.8203125,0.4361979166666667,0.4609375,12,12
gate3a_ood_tue_wed,12,44,43,128,10,0.078125,0.7578125,0.5377604166666666,0.546875,12,12
gate3a_ood_tue_wed,12,45,42,128,5,0.0390625,0.796875,0.478515625,0.5234375,12,12
gate3a_ood_tue_wed,12,45,43,128,10,0.078125,0.6015625,0.4850260416666667,0.5,12,12
gate3a_ood_tue_wed,12,46,42,128,9,0.0703125,0.8125,0.4811197916666667,0.4921875,12,12
gate3a_ood_tue_wed,12,46,43,128,4,0.03125,0.8203125,0.470703125,0.4140625,12,12
gate3b_ood_tue_fri_portscan,8,42,42,128,17,0.1328125,0.84375,0.7216796875,0.78125,8,8
gate3b_ood_tue_fri_portscan,8,42,43,128,14,0.109375,0.8515625,0.7353515625,0.8359375,8,8
gate3b_ood_tue_fri_portscan,8,43,42,128,17,0.1328125,0.875,0.7568359375,0.8046875,8,8
gate3b_ood_tue_fri_portscan,8,43,43,128,14,0.109375,0.8515625,0.74609375,0.796875,8,8
gate3b_ood_tue_fri_portscan,8,44,42,128,18,0.140625,0.828125,0.703125,0.78125,8,8
gate3b_ood_tue_fri_portscan,8,44,43,128,17,0.1328125,0.9140625,0.7861328125,0.8984375,8,8
gate3b_ood_tue_fri_portscan,8,45,42,128,16,0.125,0.8671875,0.759765625,0.8359375,8,8
gate3b_ood_tue_fri_portscan,8,45,43,128,19,0.1484375,0.875,0.7587890625,0.8046875,8,8
gate3b_ood_tue_fri_portscan,8,46,42,128,20,0.15625,0.890625,0.748046875,0.828125,8,8
gate3b_ood_tue_fri_portscan,8,46,43,128,15,0.1171875,0.921875,0.806640625,0.8515625,8,8
gate3b_ood_tue_fri_portscan,10,42,42,128,17,0.1328125,0.84375,0.7140625,0.78125,10,10
gate3b_ood_tue_fri_portscan,10,42,43,128,14,0.109375,0.8515625,0.7203125,0.8359375,10,10
gate3b_ood_tue_fri_portscan,10,43,42,128,17,0.1328125,0.875,0.73359375,0.8046875,10,10
gate3b_ood_tue_fri_portscan,10,43,43,128,14,0.109375,0.8515625,0.7375,0.796875,10,10
gate3b_ood_tue_fri_portscan,10,44,42,128,18,0.140625,0.828125,0.69765625,0.78125,10,10
gate3b_ood_tue_fri_portscan,10,44,43,128,17,0.1328125,0.9140625,0.78515625,0.8984375,10,10
gate3b_ood_tue_fri_portscan,10,45,42,128,16,0.125,0.8671875,0.75546875,0.8359375,10,10
gate3b_ood_tue_fri_portscan,10,45,43,128,18,0.140625,0.875,0.7609375,0.8046875,10,10
gate3b_ood_tue_fri_portscan,10,46,42,128,20,0.15625,0.890625,0.7375,0.828125,10,10
gate3b_ood_tue_fri_portscan,10,46,43,128,15,0.1171875,0.921875,0.80390625,0.8515625,10,10
gate3b_ood_tue_fri_portscan,12,42,42,128,17,0.1328125,0.84375,0.7154947916666666,0.78125,12,12
gate3b_ood_tue_fri_portscan,12,42,43,128,14,0.109375,0.8515625,0.7200520833333334,0.8359375,12,12
gate3b_ood_tue_fri_portscan,12,43,42,128,17,0.1328125,0.875,0.7311197916666666,0.8046875,12,12
gate3b_ood_tue_fri_portscan,12,43,43,128,14,0.109375,0.8515625,0.7389322916666666,0.796875,12,12
gate3b_ood_tue_fri_portscan,12,44,42,128,18,0.140625,0.828125,0.6985677083333334,0.78125,12,12
gate3b_ood_tue_fri_portscan,12,44,43,128,16,0.125,0.9140625,0.7858072916666666,0.8984375,12,12
gate3b_ood_tue_fri_portscan,12,45,42,128,16,0.125,0.8671875,0.755859375,0.8359375,12,12
gate3b_ood_tue_fri_portscan,12,45,43,128,18,0.140625,0.875,0.7578125,0.8046875,12,12
gate3b_ood_tue_fri_portscan,12,46,42,128,20,0.15625,0.890625,0.7330729166666666,0.828125,12,12
gate3b_ood_tue_fri_portscan,12,46,43,128,14,0.109375,0.921875,0.8040364583333334,0.8515625,12,12
gate3c_ood_wed_thu_webattacks,8,42,42,128,0,0.0,0.7578125,0.4404296875,0.59375,8,8
gate3c_ood_wed_thu_webattacks,8,42,43,128,0,0.0,0.8359375,0.462890625,0.6015625,8,8
gate3c_ood_wed_thu_webattacks,8,43,42,128,0,0.0,0.8515625,0.4267578125,0.6171875,8,8
gate3c_ood_wed_thu_webattacks,8,43,43,128,1,0.0078125,0.890625,0.4521484375,0.828125,8,8
gate3c_ood_wed_thu_webattacks,8,44,42,128,2,0.015625,0.859375,0.44921875,0.828125,8,8
gate3c_ood_wed_thu_webattacks,8,44,43,128,0,0.0,0.7734375,0.451171875,0.59375,8,8
gate3c_ood_wed_thu_webattacks,8,45,42,128,1,0.0078125,0.8359375,0.447265625,0.7109375,8,8
gate3c_ood_wed_thu_webattacks,8,45,43,128,0,0.0,0.796875,0.4873046875,0.7265625,8,8
gate3c_ood_wed_thu_webattacks,8,46,42,128,1,0.0078125,0.8125,0.466796875,0.6484375,8,8
gate3c_ood_wed_thu_webattacks,8,46,43,128,1,0.0078125,0.859375,0.462890625,0.8125,8,8
gate3c_ood_wed_thu_webattacks,10,42,42,128,0,0.0,0.7578125,0.41640625,0.59375,10,10
gate3c_ood_wed_thu_webattacks,10,42,43,128,0,0.0,0.8359375,0.42890625,0.6015625,10,10
gate3c_ood_wed_thu_webattacks,10,43,42,128,0,0.0,0.8515625,0.39921875,0.6171875,10,10
gate3c_ood_wed_thu_webattacks,10,43,43,128,1,0.0078125,0.890625,0.42265625,0.828125,10,10
gate3c_ood_wed_thu_webattacks,10,44,42,128,0,0.0,0.859375,0.425,0.828125,10,10
gate3c_ood_wed_thu_webattacks,10,44,43,128,0,0.0,0.7734375,0.42421875,0.59375,10,10
gate3c_ood_wed_thu_webattacks,10,45,42,128,1,0.0078125,0.8359375,0.42265625,0.7109375,10,10
gate3c_ood_wed_thu_webattacks,10,45,43,128,0,0.0,0.796875,0.46328125,0.7265625,10,10
gate3c_ood_wed_thu_webattacks,10,46,42,128,1,0.0078125,0.8125,0.45859375,0.6484375,10,10
gate3c_ood_wed_thu_webattacks,10,46,43,128,1,0.0078125,0.859375,0.42734375,0.8125,10,10
gate3c_ood_wed_thu_webattacks,12,42,42,128,0,0.0,0.7578125,0.4055989583333333,0.59375,12,12
gate3c_ood_wed_thu_webattacks,12,42,43,128,0,0.0,0.8359375,0.404296875,0.6015625,12,12
gate3c_ood_wed_thu_webattacks,12,43,42,128,0,0.0,0.8515625,0.396484375,0.6171875,12,12
gate3c_ood_wed_thu_webattacks,12,43,43,128,1,0.0078125,0.890625,0.4036458333333333,0.828125,12,12
gate3c_ood_wed_thu_webattacks,12,44,42,128,0,0.0,0.859375,0.4016927083333333,0.828125,12,12
gate3c_ood_wed_thu_webattacks,12,44,43,128,0,0.0,0.7734375,0.4055989583333333,0.59375,12,12
gate3c_ood_wed_thu_webattacks,12,45,42,128,1,0.0078125,0.8359375,0.412109375,0.7109375,12,12
gate3c_ood_wed_thu_webattacks,12,45,43,128,0,0.0,0.796875,0.44921875,0.7265625,12,12
gate3c_ood_wed_thu_webattacks,12,46,42,128,1,0.0078125,0.8125,0.4479166666666667,0.6484375,12,12
gate3c_ood_wed_thu_webattacks,12,46,43,128,1,0.0078125,0.859375,0.4140625,0.8125,12,12
gate3d_ood_wed_fri_morning,8,42,42,128,8,0.0625,0.78125,0.703125,0.6796875,8,8
gate3d_ood_wed_fri_morning,8,42,43,128,3,0.0234375,0.765625,0.7158203125,0.671875,8,8
gate3d_ood_wed_fri_morning,8,43,42,128,6,0.046875,0.8046875,0.705078125,0.640625,8,8
gate3d_ood_wed_fri_morning,8,43,43,128,2,0.015625,0.7421875,0.6572265625,0.640625,8,8
gate3d_ood_wed_fri_morning,8,44,42,128,2,0.015625,0.8046875,0.7119140625,0.7265625,8,8
gate3d_ood_wed_fri_morning,8,44,43,128,2,0.015625,0.7578125,0.6748046875,0.640625,8,8
gate3d_ood_wed_fri_morning,8,45,42,128,4,0.03125,0.765625,0.6767578125,0.6640625,8,8
gate3d_ood_wed_fri_morning,8,45,43,128,7,0.0546875,0.7578125,0.7080078125,0.65625,8,8
gate3d_ood_wed_fri_morning,8,46,42,128,0,0.0,0.75,0.701171875,0.671875,8,8
gate3d_ood_wed_fri_morning,8,46,43,128,2,0.015625,0.7578125,0.6650390625,0.640625,8,8
gate3d_ood_wed_fri_morning,10,42,42,128,6,0.046875,0.78125,0.66796875,0.6796875,10,10
gate3d_ood_wed_fri_morning,10,42,43,128,2,0.015625,0.765625,0.68671875,0.671875,10,10
gate3d_ood_wed_fri_morning,10,43,42,128,6,0.046875,0.8046875,0.66328125,0.640625,10,10
gate3d_ood_wed_fri_morning,10,43,43,128,2,0.015625,0.7421875,0.628125,0.640625,10,10
gate3d_ood_wed_fri_morning,10,44,42,128,2,0.015625,0.8046875,0.67734375,0.7265625,10,10
gate3d_ood_wed_fri_morning,10,44,43,128,2,0.015625,0.7578125,0.64609375,0.640625,10,10
gate3d_ood_wed_fri_morning,10,45,42,128,3,0.0234375,0.765625,0.66015625,0.6640625,10,10
gate3d_ood_wed_fri_morning,10,45,43,128,6,0.046875,0.7578125,0.67890625,0.65625,10,10
gate3d_ood_wed_fri_morning,10,46,42,128,0,0.0,0.75,0.6984375,0.671875,10,10
gate3d_ood_wed_fri_morning,10,46,43,128,2,0.015625,0.7578125,0.63046875,0.640625,10,10
gate3d_ood_wed_fri_morning,12,42,42,128,6,0.046875,0.78125,0.6569010416666666,0.6796875,12,12
gate3d_ood_wed_fri_morning,12,42,43,128,2,0.015625,0.765625,0.6673177083333334,0.671875,12,12
gate3d_ood_wed_fri_morning,12,43,42,128,6,0.046875,0.8046875,0.6764322916666666,0.640625,12,12
gate3d_ood_wed_fri_morning,12,43,43,128,2,0.015625,0.7421875,0.615234375,0.640625,12,12
gate3d_ood_wed_fri_morning,12,44,42,128,2,0.015625,0.8046875,0.6575520833333334,0.7265625,12,12
gate3d_ood_wed_fri_morning,12,44,43,128,2,0.015625,0.7578125,0.626953125,0.640625,12,12
gate3d_ood_wed_fri_morning,12,45,42,128,3,0.0234375,0.765625,0.6484375,0.6640625,12,12
gate3d_ood_wed_fri_morning,12,45,43,128,6,0.046875,0.7578125,0.6634114583333334,0.65625,12,12
gate3d_ood_wed_fri_morning,12,46,42,128,0,0.0,0.75,0.69921875,0.671875,12,12
gate3d_ood_wed_fri_morning,12,46,43,128,2,0.015625,0.7578125,0.62109375,0.640625,12,12
gate5a_id_unsw,8,42,42,128,18,0.140625,0.6015625,0.4716796875,0.546875,8,8
gate5a_id_unsw,8,42,43,128,21,0.1640625,0.6171875,0.4296875,0.5,8,8
gate5a_id_unsw,8,43,42,128,23,0.1796875,0.5546875,0.423828125,0.5390625,8,8
gate5a_id_unsw,8,43,43,128,19,0.1484375,0.5859375,0.4384765625,0.46875,8,8
gate5a_id_unsw,8,44,42,128,21,0.1640625,0.5,0.41015625,0.5,8,8
gate5a_id_unsw,8,44,43,128,21,0.1640625,0.5,0.4130859375,0.4453125,8,8
gate5a_id_unsw,8,45,42,128,19,0.1484375,0.5390625,0.4501953125,0.4921875,8,8
gate5a_id_unsw,8,45,43,128,20,0.15625,0.53125,0.4130859375,0.4921875,8,8
gate5a_id_unsw,8,46,42,128,19,0.1484375,0.4609375,0.408203125,0.453125,8,8
gate5a_id_unsw,8,46,43,128,22,0.171875,0.59375,0.4619140625,0.5625,8,8
gate5a_id_unsw,10,42,42,128,15,0.1171875,0.765625,0.51171875,0.546875,10,10
gate5a_id_unsw,10,42,43,128,17,0.1328125,0.8671875,0.48359375,0.5,10,10
gate5a_id_unsw,10,43,42,128,20,0.15625,0.9375,0.4921875,0.609375,10,10
gate5a_id_unsw,10,43,43,128,17,0.1328125,0.9140625,0.5,0.5234375,10,10
gate5a_id_unsw,10,44,42,128,17,0.1328125,0.9375,0.47734375,0.5703125,10,10
gate5a_id_unsw,10,44,43,128,20,0.15625,0.8203125,0.46171875,0.4609375,10,10
gate5a_id_unsw,10,45,42,128,17,0.1328125,0.734375,0.47265625,0.4921875,10,10
gate5a_id_unsw,10,45,43,128,12,0.09375,0.734375,0.4296875,0.4921875,10,10
gate5a_id_unsw,10,46,42,128,14,0.109375,0.7265625,0.44765625,0.453125,10,10
gate5a_id_unsw,10,46,43,128,20,0.15625,0.84375,0.50703125,0.5625,10,10
gate5a_id_unsw,12,42,42,128,4,0.03125,0.765625,0.486328125,0.546875,12,12
gate5a_id_unsw,12,42,43,128,7,0.0546875,0.8671875,0.4615885416666667,0.5,12,12
gate5a_id_unsw,12,43,42,128,10,0.078125,0.9375,0.505859375,0.609375,12,12
gate5a_id_unsw,12,43,43,128,5,0.0390625,0.9140625,0.4856770833333333,0.5234375,12,12
gate5a_id_unsw,12,44,42,128,2,0.015625,0.9375,0.4524739583333333,0.5703125,12,12
gate5a_id_unsw,12,44,43,128,0,0.0,0.8203125,0.4348958333333333,0.4609375,12,12
gate5a_id_unsw,12,45,42,128,14,0.109375,0.734375,0.46484375,0.4921875,12,12
gate5a_id_unsw,12,45,43,128,7,0.0546875,0.734375,0.4212239583333333,0.4921875,12,12
gate5a_id_unsw,12,46,42,128,6,0.046875,0.7265625,0.4459635416666667,0.453125,12,12
gate5a_id_unsw,12,46,43,128,9,0.0703125,0.84375,0.486328125,0.5625,12,12
gate5b_id_ton_iot,8,42,42,128,35,0.2734375,0.8671875,0.40234375,0.5,8,8
gate5b_id_ton_iot,8,42,43,128,28,0.21875,0.8671875,0.525390625,0.640625,6,8
gate5b_id_ton_iot,8,43,42,128,49,0.3828125,0.890625,0.4306640625,0.515625,8,8
gate5b_id_ton_iot,8,43,43,128,48,0.375,0.8671875,0.3896484375,0.59375,7,8
gate5b_id_ton_iot,8,44,42,128,27,0.2109375,0.859375,0.5537109375,0.5625,7,8
gate5b_id_ton_iot,8,44,43,128,31,0.2421875,0.8359375,0.4853515625,0.5078125,8,8
gate5b_id_ton_iot,8,45,42,128,32,0.25,0.8203125,0.494140625,0.5078125,8,8
gate5b_id_ton_iot,8,45,43,128,32,0.25,0.890625,0.513671875,0.71875,8,8
gate5b_id_ton_iot,8,46,42,128,46,0.359375,0.8984375,0.537109375,0.6015625,7,8
gate5b_id_ton_iot,8,46,43,128,29,0.2265625,0.90625,0.44921875,0.5546875,8,8
gate5b_id_ton_iot,10,42,42,128,33,0.2578125,0.8671875,0.40234375,0.5,10,10
gate5b_id_ton_iot,10,42,43,128,28,0.21875,0.8671875,0.49140625,0.640625,8,10
gate5b_id_ton_iot,10,43,42,128,32,0.25,0.890625,0.4015625,0.515625,10,10
gate5b_id_ton_iot,10,43,43,128,25,0.1953125,0.8671875,0.36640625,0.59375,8,10
gate5b_id_ton_iot,10,44,42,128,27,0.2109375,0.859375,0.53125,0.5625,9,10
gate5b_id_ton_iot,10,44,43,128,31,0.2421875,0.8359375,0.47890625,0.5078125,10,10
gate5b_id_ton_iot,10,45,42,128,32,0.25,0.8203125,0.49609375,0.5078125,10,10
gate5b_id_ton_iot,10,45,43,128,32,0.25,0.890625,0.4953125,0.71875,10,10
gate5b_id_ton_iot,10,46,42,128,46,0.359375,0.8984375,0.53046875,0.6015625,9,10
gate5b_id_ton_iot,10,46,43,128,29,0.2265625,0.90625,0.46875,0.5546875,10,10
gate5b_id_ton_iot,12,42,42,128,33,0.2578125,0.8671875,0.373046875,0.5,11,12
gate5b_id_ton_iot,12,42,43,128,28,0.21875,0.8671875,0.453125,0.640625,9,12
gate5b_id_ton_iot,12,43,42,128,32,0.25,0.890625,0.3587239583333333,0.515625,10,12
gate5b_id_ton_iot,12,43,43,128,24,0.1875,0.8671875,0.3268229166666667,0.59375,8,12
gate5b_id_ton_iot,12,44,42,128,27,0.2109375,0.859375,0.5625,0.5703125,11,12
gate5b_id_ton_iot,12,44,43,128,31,0.2421875,0.8359375,0.4641927083333333,0.5078125,12,12
gate5b_id_ton_iot,12,45,42,128,32,0.25,0.8203125,0.515625,0.5078125,12,12
gate5b_id_ton_iot,12,45,43,128,32,0.25,0.890625,0.4694010416666667,0.71875,12,12
gate5b_id_ton_iot,12,46,42,128,45,0.3515625,0.8984375,0.5299479166666666,0.6015625,11,12
gate5b_id_ton_iot,12,46,43,128,29,0.2265625,0.90625,0.4830729166666667,0.5546875,12,12
gate6_ood_unsw,8,42,42,128,24,0.1875,0.5859375,0.421875,0.453125,8,8
gate6_ood_unsw,8,42,43,128,22,0.171875,0.6171875,0.40234375,0.4140625,8,8
gate6_ood_unsw,8,43,42,128,24,0.1875,0.546875,0.4140625,0.484375,8,8
gate6_ood_unsw,8,43,43,128,22,0.171875,0.5625,0.4775390625,0.515625,8,8
gate6_ood_unsw,8,44,42,128,18,0.140625,0.5546875,0.4189453125,0.4765625,7,8
gate6_ood_unsw,8,44,43,128,26,0.203125,0.5,0.4111328125,0.484375,8,8
gate6_ood_unsw,8,45,42,128,25,0.1953125,0.546875,0.4755859375,0.5390625,8,8
gate6_ood_unsw,8,45,43,128,21,0.1640625,0.6015625,0.4365234375,0.453125,8,8
gate6_ood_unsw,8,46,42,128,25,0.1953125,0.5546875,0.421875,0.53125,8,8
gate6_ood_unsw,8,46,43,128,14,0.109375,0.6484375,0.4267578125,0.421875,8,8
gate6_ood_unsw,10,42,42,128,6,0.046875,0.5859375,0.3859375,0.453125,9,10
gate6_ood_unsw,10,42,43,128,19,0.1484375,0.78125,0.43984375,0.4140625,10,10
gate6_ood_unsw,10,43,42,128,19,0.1484375,0.8203125,0.45234375,0.484375,10,10
gate6_ood_unsw,10,43,43,128,22,0.171875,0.859375,0.5125,0.515625,10,10
gate6_ood_unsw,10,44,42,128,15,0.1171875,0.7265625,0.45078125,0.4765625,9,10
gate6_ood_unsw,10,44,43,128,18,0.140625,0.7109375,0.44375,0.484375,10,10
gate6_ood_unsw,10,45,42,128,18,0.140625,0.78125,0.50546875,0.5390625,10,10
gate6_ood_unsw,10,45,43,128,17,0.1328125,0.765625,0.46796875,0.453125,10,10
gate6_ood_unsw,10,46,42,128,21,0.1640625,0.8671875,0.46875,0.53125,10,10
gate6_ood_unsw,10,46,43,128,2,0.015625,0.6484375,0.3875,0.421875,9,10
gate6_ood_unsw,12,42,42,128,0,0.0,0.5859375,0.37109375,0.453125,11,12
gate6_ood_unsw,12,42,43,128,0,0.0,0.78125,0.4147135416666667,0.4140625,12,12
gate6_ood_unsw,12,43,42,128,1,0.0078125,0.8203125,0.4231770833333333,0.484375,11,12
gate6_ood_unsw,12,43,43,128,0,0.0,0.859375,0.4837239583333333,0.515625,12,12
gate6_ood_unsw,12,44,42,128,0,0.0,0.7265625,0.42578125,0.4765625,11,12
gate6_ood_unsw,12,44,43,128,0,0.0,0.7109375,0.4205729166666667,0.484375,12,12
gate6_ood_unsw,12,45,42,128,1,0.0078125,0.78125,0.478515625,0.5390625,12,12
gate6_ood_unsw,12,45,43,128,1,0.0078125,0.765625,0.4375,0.453125,12,12
gate6_ood_unsw,12,46,42,128,2,0.015625,0.8671875,0.453125,0.53125,12,12
gate6_ood_unsw,12,46,43,128,1,0.0078125,0.6484375,0.3658854166666667,0.421875,10,12
