scope_type,scope,attack,attack_class,mechanism,strength,regime,rule,n,n_fire,response_rate,clean_n_fire,paired_clean_false_action_rate,attack_only,clean_only,both_fire,neither_fire,n_material_tau0,material_fraction_tau0,material_fraction_tau002,material_fraction_tau005,mean_signed_delta_bal_acc,prediction_change_rate
pooled,all_environments,sham_tiny_gaussian_sigma_0.001,near_null,tiny_gaussian,0.001,I_X,union,600,495,0.825,98,0.16333333333333333,397,0,98,105,27,0.045,0.0033333333333333335,0.0,-6.094932203437383e-05,0.04833333333333333
pooled,all_environments,sham_tiny_gaussian_sigma_0.001,near_null,tiny_gaussian,0.001,I_X,family,600,382,0.6366666666666667,37,0.06166666666666667,345,0,37,218,27,0.045,0.0033333333333333335,0.0,-6.094932203437383e-05,0.04833333333333333
pooled,all_environments,sham_tiny_gaussian_sigma_0.001,near_null,tiny_gaussian,0.001,I_XF,union,600,512,0.8533333333333334,149,0.24833333333333332,363,0,149,88,27,0.045,0.0033333333333333335,0.0,-6.094932203437383e-05,0.04833333333333333
pooled,all_environments,sham_tiny_gaussian_sigma_0.001,near_null,tiny_gaussian,0.001,I_XF,family,600,341,0.5683333333333334,43,0.07166666666666667,299,1,42,258,27,0.045,0.0033333333333333335,0.0,-6.094932203437383e-05,0.04833333333333333
pooled,all_environments,sham_tiny_gaussian_sigma_0.001,near_null,tiny_gaussian,0.001,I_Ym,union,600,48,0.08,48,0.08,0,0,48,552,27,0.045,0.0033333333333333335,0.0,-6.094932203437383e-05,0.04833333333333333
pooled,all_environments,sham_tiny_gaussian_sigma_0.001,near_null,tiny_gaussian,0.001,I_Ym,family,600,48,0.08,48,0.08,0,0,48,552,27,0.045,0.0033333333333333335,0.0,-6.094932203437383e-05,0.04833333333333333
pooled,all_environments,sham_tiny_gaussian_sigma_0.001,near_null,tiny_gaussian,0.001,I_XFY,union,600,532,0.8866666666666667,191,0.31833333333333336,341,0,191,68,27,0.045,0.0033333333333333335,0.0,-6.094932203437383e-05,0.04833333333333333
pooled,all_environments,sham_tiny_gaussian_sigma_0.001,near_null,tiny_gaussian,0.001,I_XFY,family,600,325,0.5416666666666666,43,0.07166666666666667,283,1,42,274,27,0.045,0.0033333333333333335,0.0,-6.094932203437383e-05,0.04833333333333333
pooled,all_environments,sham_tiny_scaling_alpha_0.001,near_null,tiny_scaling,0.001,I_X,union,600,587,0.9783333333333334,98,0.16333333333333333,489,0,98,13,57,0.095,0.008333333333333333,0.0016666666666666668,-5.666602614274179e-05,0.095
pooled,all_environments,sham_tiny_scaling_alpha_0.001,near_null,tiny_scaling,0.001,I_X,family,600,493,0.8216666666666667,37,0.06166666666666667,456,0,37,107,57,0.095,0.008333333333333333,0.0016666666666666668,-5.666602614274179e-05,0.095
pooled,all_environments,sham_tiny_scaling_alpha_0.001,near_null,tiny_scaling,0.001,I_XF,union,600,589,0.9816666666666667,149,0.24833333333333332,440,0,149,11,57,0.095,0.008333333333333333,0.0016666666666666668,-5.666602614274179e-05,0.095
pooled,all_environments,sham_tiny_scaling_alpha_0.001,near_null,tiny_scaling,0.001,I_XF,family,600,485,0.8083333333333333,43,0.07166666666666667,442,0,43,115,57,0.095,0.008333333333333333,0.0016666666666666668,-5.666602614274179e-05,0.095
pooled,all_environments,sham_tiny_scaling_alpha_0.001,near_null,tiny_scaling,0.001,I_Ym,union,600,48,0.08,48,0.08,0,0,48,552,57,0.095,0.008333333333333333,0.0016666666666666668,-5.666602614274179e-05,0.095
pooled,all_environments,sham_tiny_scaling_alpha_0.001,near_null,tiny_scaling,0.001,I_Ym,family,600,48,0.08,48,0.08,0,0,48,552,57,0.095,0.008333333333333333,0.0016666666666666668,-5.666602614274179e-05,0.095
pooled,all_environments,sham_tiny_scaling_alpha_0.001,near_null,tiny_scaling,0.001,I_XFY,union,600,589,0.9816666666666667,191,0.31833333333333336,398,0,191,11,57,0.095,0.008333333333333333,0.0016666666666666668,-5.666602614274179e-05,0.095
pooled,all_environments,sham_tiny_scaling_alpha_0.001,near_null,tiny_scaling,0.001,I_XFY,family,600,457,0.7616666666666667,43,0.07166666666666667,415,1,42,142,57,0.095,0.008333333333333333,0.0016666666666666668,-5.666602614274179e-05,0.095
environment,gate2_id_256,sham_tiny_gaussian_sigma_0.001,near_null,tiny_gaussian,0.001,I_X,union,60,60,1.0,13,0.21666666666666667,47,0,13,0,2,0.03333333333333333,0.0,0.0,0.000136056688435735,0.03333333333333333
environment,gate2_id_256,sham_tiny_gaussian_sigma_0.001,near_null,tiny_gaussian,0.001,I_X,family,60,60,1.0,10,0.16666666666666666,50,0,10,0,2,0.03333333333333333,0.0,0.0,0.000136056688435735,0.03333333333333333
environment,gate2_id_256,sham_tiny_gaussian_sigma_0.001,near_null,tiny_gaussian,0.001,I_XF,union,60,60,1.0,14,0.23333333333333334,46,0,14,0,2,0.03333333333333333,0.0,0.0,0.000136056688435735,0.03333333333333333
environment,gate2_id_256,sham_tiny_gaussian_sigma_0.001,near_null,tiny_gaussian,0.001,I_XF,family,60,60,1.0,6,0.1,54,0,6,0,2,0.03333333333333333,0.0,0.0,0.000136056688435735,0.03333333333333333
environment,gate2_id_256,sham_tiny_gaussian_sigma_0.001,near_null,tiny_gaussian,0.001,I_Ym,union,60,0,0.0,0,0.0,0,0,0,60,2,0.03333333333333333,0.0,0.0,0.000136056688435735,0.03333333333333333
environment,gate2_id_256,sham_tiny_gaussian_sigma_0.001,near_null,tiny_gaussian,0.001,I_Ym,family,60,0,0.0,0,0.0,0,0,0,60,2,0.03333333333333333,0.0,0.0,0.000136056688435735,0.03333333333333333
environment,gate2_id_256,sham_tiny_gaussian_sigma_0.001,near_null,tiny_gaussian,0.001,I_XFY,union,60,60,1.0,16,0.26666666666666666,44,0,16,0,2,0.03333333333333333,0.0,0.0,0.000136056688435735,0.03333333333333333
environment,gate2_id_256,sham_tiny_gaussian_sigma_0.001,near_null,tiny_gaussian,0.001,I_XFY,family,60,60,1.0,5,0.08333333333333333,55,0,5,0,2,0.03333333333333333,0.0,0.0,0.000136056688435735,0.03333333333333333
environment,gate2_id_256,sham_tiny_scaling_alpha_0.001,near_null,tiny_scaling,0.001,I_X,union,60,60,1.0,13,0.21666666666666667,47,0,13,0,4,0.06666666666666667,0.0,0.0,-0.0002629944030927483,0.06666666666666667
environment,gate2_id_256,sham_tiny_scaling_alpha_0.001,near_null,tiny_scaling,0.001,I_X,family,60,60,1.0,10,0.16666666666666666,50,0,10,0,4,0.06666666666666667,0.0,0.0,-0.0002629944030927483,0.06666666666666667
environment,gate2_id_256,sham_tiny_scaling_alpha_0.001,near_null,tiny_scaling,0.001,I_XF,union,60,60,1.0,14,0.23333333333333334,46,0,14,0,4,0.06666666666666667,0.0,0.0,-0.0002629944030927483,0.06666666666666667
environment,gate2_id_256,sham_tiny_scaling_alpha_0.001,near_null,tiny_scaling,0.001,I_XF,family,60,60,1.0,6,0.1,54,0,6,0,4,0.06666666666666667,0.0,0.0,-0.0002629944030927483,0.06666666666666667
environment,gate2_id_256,sham_tiny_scaling_alpha_0.001,near_null,tiny_scaling,0.001,I_Ym,union,60,0,0.0,0,0.0,0,0,0,60,4,0.06666666666666667,0.0,0.0,-0.0002629944030927483,0.06666666666666667
environment,gate2_id_256,sham_tiny_scaling_alpha_0.001,near_null,tiny_scaling,0.001,I_Ym,family,60,0,0.0,0,0.0,0,0,0,60,4,0.06666666666666667,0.0,0.0,-0.0002629944030927483,0.06666666666666667
environment,gate2_id_256,sham_tiny_scaling_alpha_0.001,near_null,tiny_scaling,0.001,I_XFY,union,60,60,1.0,16,0.26666666666666666,44,0,16,0,4,0.06666666666666667,0.0,0.0,-0.0002629944030927483,0.06666666666666667
environment,gate2_id_256,sham_tiny_scaling_alpha_0.001,near_null,tiny_scaling,0.001,I_XFY,family,60,60,1.0,5,0.08333333333333333,55,0,5,0,4,0.06666666666666667,0.0,0.0,-0.0002629944030927483,0.06666666666666667
environment,gate3a_ood_tue_wed,sham_tiny_gaussian_sigma_0.001,near_null,tiny_gaussian,0.001,I_X,union,60,60,1.0,12,0.2,48,0,12,0,3,0.05,0.0,0.0,-0.00014066496163683,0.05
environment,gate3a_ood_tue_wed,sham_tiny_gaussian_sigma_0.001,near_null,tiny_gaussian,0.001,I_X,family,60,58,0.9666666666666667,2,0.03333333333333333,56,0,2,2,3,0.05,0.0,0.0,-0.00014066496163683,0.05
environment,gate3a_ood_tue_wed,sham_tiny_gaussian_sigma_0.001,near_null,tiny_gaussian,0.001,I_XF,union,60,60,1.0,17,0.2833333333333333,43,0,17,0,3,0.05,0.0,0.0,-0.00014066496163683,0.05
environment,gate3a_ood_tue_wed,sham_tiny_gaussian_sigma_0.001,near_null,tiny_gaussian,0.001,I_XF,family,60,57,0.95,2,0.03333333333333333,55,0,2,3,3,0.05,0.0,0.0,-0.00014066496163683,0.05
environment,gate3a_ood_tue_wed,sham_tiny_gaussian_sigma_0.001,near_null,tiny_gaussian,0.001,I_Ym,union,60,0,0.0,0,0.0,0,0,0,60,3,0.05,0.0,0.0,-0.00014066496163683,0.05
environment,gate3a_ood_tue_wed,sham_tiny_gaussian_sigma_0.001,near_null,tiny_gaussian,0.001,I_Ym,family,60,0,0.0,0,0.0,0,0,0,60,3,0.05,0.0,0.0,-0.00014066496163683,0.05
environment,gate3a_ood_tue_wed,sham_tiny_gaussian_sigma_0.001,near_null,tiny_gaussian,0.001,I_XFY,union,60,60,1.0,17,0.2833333333333333,43,0,17,0,3,0.05,0.0,0.0,-0.00014066496163683,0.05
environment,gate3a_ood_tue_wed,sham_tiny_gaussian_sigma_0.001,near_null,tiny_gaussian,0.001,I_XFY,family,60,53,0.8833333333333333,0,0.0,53,0,0,7,3,0.05,0.0,0.0,-0.00014066496163683,0.05
environment,gate3a_ood_tue_wed,sham_tiny_scaling_alpha_0.001,near_null,tiny_scaling,0.001,I_X,union,60,60,1.0,12,0.2,48,0,12,0,6,0.1,0.016666666666666666,0.0,0.0009017437628217816,0.1
environment,gate3a_ood_tue_wed,sham_tiny_scaling_alpha_0.001,near_null,tiny_scaling,0.001,I_X,family,60,60,1.0,2,0.03333333333333333,58,0,2,0,6,0.1,0.016666666666666666,0.0,0.0009017437628217816,0.1
environment,gate3a_ood_tue_wed,sham_tiny_scaling_alpha_0.001,near_null,tiny_scaling,0.001,I_XF,union,60,60,1.0,17,0.2833333333333333,43,0,17,0,6,0.1,0.016666666666666666,0.0,0.0009017437628217816,0.1
environment,gate3a_ood_tue_wed,sham_tiny_scaling_alpha_0.001,near_null,tiny_scaling,0.001,I_XF,family,60,60,1.0,2,0.03333333333333333,58,0,2,0,6,0.1,0.016666666666666666,0.0,0.0009017437628217816,0.1
environment,gate3a_ood_tue_wed,sham_tiny_scaling_alpha_0.001,near_null,tiny_scaling,0.001,I_Ym,union,60,0,0.0,0,0.0,0,0,0,60,6,0.1,0.016666666666666666,0.0,0.0009017437628217816,0.1
environment,gate3a_ood_tue_wed,sham_tiny_scaling_alpha_0.001,near_null,tiny_scaling,0.001,I_Ym,family,60,0,0.0,0,0.0,0,0,0,60,6,0.1,0.016666666666666666,0.0,0.0009017437628217816,0.1
environment,gate3a_ood_tue_wed,sham_tiny_scaling_alpha_0.001,near_null,tiny_scaling,0.001,I_XFY,union,60,60,1.0,17,0.2833333333333333,43,0,17,0,6,0.1,0.016666666666666666,0.0,0.0009017437628217816,0.1
environment,gate3a_ood_tue_wed,sham_tiny_scaling_alpha_0.001,near_null,tiny_scaling,0.001,I_XFY,family,60,60,1.0,0,0.0,60,0,0,0,6,0.1,0.016666666666666666,0.0,0.0009017437628217816,0.1
environment,gate3b_ood_tue_fri_portscan,sham_tiny_gaussian_sigma_0.001,near_null,tiny_gaussian,0.001,I_X,union,60,60,1.0,11,0.18333333333333332,49,0,11,0,6,0.1,0.016666666666666666,0.0,0.0003033509883160949,0.13333333333333333
environment,gate3b_ood_tue_fri_portscan,sham_tiny_gaussian_sigma_0.001,near_null,tiny_gaussian,0.001,I_X,family,60,60,1.0,6,0.1,54,0,6,0,6,0.1,0.016666666666666666,0.0,0.0003033509883160949,0.13333333333333333
environment,gate3b_ood_tue_fri_portscan,sham_tiny_gaussian_sigma_0.001,near_null,tiny_gaussian,0.001,I_XF,union,60,60,1.0,12,0.2,48,0,12,0,6,0.1,0.016666666666666666,0.0,0.0003033509883160949,0.13333333333333333
environment,gate3b_ood_tue_fri_portscan,sham_tiny_gaussian_sigma_0.001,near_null,tiny_gaussian,0.001,I_XF,family,60,60,1.0,6,0.1,54,0,6,0,6,0.1,0.016666666666666666,0.0,0.0003033509883160949,0.13333333333333333
environment,gate3b_ood_tue_fri_portscan,sham_tiny_gaussian_sigma_0.001,near_null,tiny_gaussian,0.001,I_Ym,union,60,0,0.0,0,0.0,0,0,0,60,6,0.1,0.016666666666666666,0.0,0.0003033509883160949,0.13333333333333333
environment,gate3b_ood_tue_fri_portscan,sham_tiny_gaussian_sigma_0.001,near_null,tiny_gaussian,0.001,I_Ym,family,60,0,0.0,0,0.0,0,0,0,60,6,0.1,0.016666666666666666,0.0,0.0003033509883160949,0.13333333333333333
environment,gate3b_ood_tue_fri_portscan,sham_tiny_gaussian_sigma_0.001,near_null,tiny_gaussian,0.001,I_XFY,union,60,60,1.0,13,0.21666666666666667,47,0,13,0,6,0.1,0.016666666666666666,0.0,0.0003033509883160949,0.13333333333333333
environment,gate3b_ood_tue_fri_portscan,sham_tiny_gaussian_sigma_0.001,near_null,tiny_gaussian,0.001,I_XFY,family,60,60,1.0,6,0.1,54,0,6,0,6,0.1,0.016666666666666666,0.0,0.0003033509883160949,0.13333333333333333
environment,gate3b_ood_tue_fri_portscan,sham_tiny_scaling_alpha_0.001,near_null,tiny_scaling,0.001,I_X,union,60,60,1.0,11,0.18333333333333332,49,0,11,0,14,0.23333333333333334,0.05,0.016666666666666666,-0.0018025474485786632,0.23333333333333334
environment,gate3b_ood_tue_fri_portscan,sham_tiny_scaling_alpha_0.001,near_null,tiny_scaling,0.001,I_X,family,60,60,1.0,6,0.1,54,0,6,0,14,0.23333333333333334,0.05,0.016666666666666666,-0.0018025474485786632,0.23333333333333334
environment,gate3b_ood_tue_fri_portscan,sham_tiny_scaling_alpha_0.001,near_null,tiny_scaling,0.001,I_XF,union,60,60,1.0,12,0.2,48,0,12,0,14,0.23333333333333334,0.05,0.016666666666666666,-0.0018025474485786632,0.23333333333333334
environment,gate3b_ood_tue_fri_portscan,sham_tiny_scaling_alpha_0.001,near_null,tiny_scaling,0.001,I_XF,family,60,60,1.0,6,0.1,54,0,6,0,14,0.23333333333333334,0.05,0.016666666666666666,-0.0018025474485786632,0.23333333333333334
environment,gate3b_ood_tue_fri_portscan,sham_tiny_scaling_alpha_0.001,near_null,tiny_scaling,0.001,I_Ym,union,60,0,0.0,0,0.0,0,0,0,60,14,0.23333333333333334,0.05,0.016666666666666666,-0.0018025474485786632,0.23333333333333334
environment,gate3b_ood_tue_fri_portscan,sham_tiny_scaling_alpha_0.001,near_null,tiny_scaling,0.001,I_Ym,family,60,0,0.0,0,0.0,0,0,0,60,14,0.23333333333333334,0.05,0.016666666666666666,-0.0018025474485786632,0.23333333333333334
environment,gate3b_ood_tue_fri_portscan,sham_tiny_scaling_alpha_0.001,near_null,tiny_scaling,0.001,I_XFY,union,60,60,1.0,13,0.21666666666666667,47,0,13,0,14,0.23333333333333334,0.05,0.016666666666666666,-0.0018025474485786632,0.23333333333333334
environment,gate3b_ood_tue_fri_portscan,sham_tiny_scaling_alpha_0.001,near_null,tiny_scaling,0.001,I_XFY,family,60,60,1.0,6,0.1,54,0,6,0,14,0.23333333333333334,0.05,0.016666666666666666,-0.0018025474485786632,0.23333333333333334
environment,gate3c_ood_wed_thu_webattacks,sham_tiny_gaussian_sigma_0.001,near_null,tiny_gaussian,0.001,I_X,union,60,60,1.0,5,0.08333333333333333,55,0,5,0,0,0.0,0.0,0.0,0.0,0.0
environment,gate3c_ood_wed_thu_webattacks,sham_tiny_gaussian_sigma_0.001,near_null,tiny_gaussian,0.001,I_X,family,60,50,0.8333333333333334,2,0.03333333333333333,48,0,2,10,0,0.0,0.0,0.0,0.0,0.0
environment,gate3c_ood_wed_thu_webattacks,sham_tiny_gaussian_sigma_0.001,near_null,tiny_gaussian,0.001,I_XF,union,60,60,1.0,11,0.18333333333333332,49,0,11,0,0,0.0,0.0,0.0,0.0,0.0
environment,gate3c_ood_wed_thu_webattacks,sham_tiny_gaussian_sigma_0.001,near_null,tiny_gaussian,0.001,I_XF,family,60,23,0.38333333333333336,0,0.0,23,0,0,37,0,0.0,0.0,0.0,0.0,0.0
environment,gate3c_ood_wed_thu_webattacks,sham_tiny_gaussian_sigma_0.001,near_null,tiny_gaussian,0.001,I_Ym,union,60,0,0.0,0,0.0,0,0,0,60,0,0.0,0.0,0.0,0.0,0.0
environment,gate3c_ood_wed_thu_webattacks,sham_tiny_gaussian_sigma_0.001,near_null,tiny_gaussian,0.001,I_Ym,family,60,0,0.0,0,0.0,0,0,0,60,0,0.0,0.0,0.0,0.0,0.0
environment,gate3c_ood_wed_thu_webattacks,sham_tiny_gaussian_sigma_0.001,near_null,tiny_gaussian,0.001,I_XFY,union,60,60,1.0,11,0.18333333333333332,49,0,11,0,0,0.0,0.0,0.0,0.0,0.0
environment,gate3c_ood_wed_thu_webattacks,sham_tiny_gaussian_sigma_0.001,near_null,tiny_gaussian,0.001,I_XFY,family,60,21,0.35,0,0.0,21,0,0,39,0,0.0,0.0,0.0,0.0,0.0
environment,gate3c_ood_wed_thu_webattacks,sham_tiny_scaling_alpha_0.001,near_null,tiny_scaling,0.001,I_X,union,60,60,1.0,5,0.08333333333333333,55,0,5,0,6,0.1,0.0,0.0,5.512605188933336e-05,0.1
environment,gate3c_ood_wed_thu_webattacks,sham_tiny_scaling_alpha_0.001,near_null,tiny_scaling,0.001,I_X,family,60,60,1.0,2,0.03333333333333333,58,0,2,0,6,0.1,0.0,0.0,5.512605188933336e-05,0.1
environment,gate3c_ood_wed_thu_webattacks,sham_tiny_scaling_alpha_0.001,near_null,tiny_scaling,0.001,I_XF,union,60,60,1.0,11,0.18333333333333332,49,0,11,0,6,0.1,0.0,0.0,5.512605188933336e-05,0.1
environment,gate3c_ood_wed_thu_webattacks,sham_tiny_scaling_alpha_0.001,near_null,tiny_scaling,0.001,I_XF,family,60,60,1.0,0,0.0,60,0,0,0,6,0.1,0.0,0.0,5.512605188933336e-05,0.1
environment,gate3c_ood_wed_thu_webattacks,sham_tiny_scaling_alpha_0.001,near_null,tiny_scaling,0.001,I_Ym,union,60,0,0.0,0,0.0,0,0,0,60,6,0.1,0.0,0.0,5.512605188933336e-05,0.1
environment,gate3c_ood_wed_thu_webattacks,sham_tiny_scaling_alpha_0.001,near_null,tiny_scaling,0.001,I_Ym,family,60,0,0.0,0,0.0,0,0,0,60,6,0.1,0.0,0.0,5.512605188933336e-05,0.1
environment,gate3c_ood_wed_thu_webattacks,sham_tiny_scaling_alpha_0.001,near_null,tiny_scaling,0.001,I_XFY,union,60,60,1.0,11,0.18333333333333332,49,0,11,0,6,0.1,0.0,0.0,5.512605188933336e-05,0.1
environment,gate3c_ood_wed_thu_webattacks,sham_tiny_scaling_alpha_0.001,near_null,tiny_scaling,0.001,I_XFY,family,60,58,0.9666666666666667,0,0.0,58,0,0,2,6,0.1,0.0,0.0,5.512605188933336e-05,0.1
environment,gate3d_ood_wed_fri_morning,sham_tiny_gaussian_sigma_0.001,near_null,tiny_gaussian,0.001,I_X,union,60,60,1.0,2,0.03333333333333333,58,0,2,0,2,0.03333333333333333,0.0,0.0,-0.00026099013131066,0.03333333333333333
environment,gate3d_ood_wed_fri_morning,sham_tiny_gaussian_sigma_0.001,near_null,tiny_gaussian,0.001,I_X,family,60,60,1.0,0,0.0,60,0,0,0,2,0.03333333333333333,0.0,0.0,-0.00026099013131066,0.03333333333333333
environment,gate3d_ood_wed_fri_morning,sham_tiny_gaussian_sigma_0.001,near_null,tiny_gaussian,0.001,I_XF,union,60,60,1.0,13,0.21666666666666667,47,0,13,0,2,0.03333333333333333,0.0,0.0,-0.00026099013131066,0.03333333333333333
environment,gate3d_ood_wed_fri_morning,sham_tiny_gaussian_sigma_0.001,near_null,tiny_gaussian,0.001,I_XF,family,60,60,1.0,3,0.05,57,0,3,0,2,0.03333333333333333,0.0,0.0,-0.00026099013131066,0.03333333333333333
environment,gate3d_ood_wed_fri_morning,sham_tiny_gaussian_sigma_0.001,near_null,tiny_gaussian,0.001,I_Ym,union,60,0,0.0,0,0.0,0,0,0,60,2,0.03333333333333333,0.0,0.0,-0.00026099013131066,0.03333333333333333
environment,gate3d_ood_wed_fri_morning,sham_tiny_gaussian_sigma_0.001,near_null,tiny_gaussian,0.001,I_Ym,family,60,0,0.0,0,0.0,0,0,0,60,2,0.03333333333333333,0.0,0.0,-0.00026099013131066,0.03333333333333333
environment,gate3d_ood_wed_fri_morning,sham_tiny_gaussian_sigma_0.001,near_null,tiny_gaussian,0.001,I_XFY,union,60,60,1.0,13,0.21666666666666667,47,0,13,0,2,0.03333333333333333,0.0,0.0,-0.00026099013131066,0.03333333333333333
environment,gate3d_ood_wed_fri_morning,sham_tiny_gaussian_sigma_0.001,near_null,tiny_gaussian,0.001,I_XFY,family,60,60,1.0,3,0.05,57,0,3,0,2,0.03333333333333333,0.0,0.0,-0.00026099013131066,0.03333333333333333
environment,gate3d_ood_wed_fri_morning,sham_tiny_scaling_alpha_0.001,near_null,tiny_scaling,0.001,I_X,union,60,60,1.0,2,0.03333333333333333,58,0,2,0,6,0.1,0.0,0.0,-0.00023858679395003662,0.1
environment,gate3d_ood_wed_fri_morning,sham_tiny_scaling_alpha_0.001,near_null,tiny_scaling,0.001,I_X,family,60,60,1.0,0,0.0,60,0,0,0,6,0.1,0.0,0.0,-0.00023858679395003662,0.1
environment,gate3d_ood_wed_fri_morning,sham_tiny_scaling_alpha_0.001,near_null,tiny_scaling,0.001,I_XF,union,60,60,1.0,13,0.21666666666666667,47,0,13,0,6,0.1,0.0,0.0,-0.00023858679395003662,0.1
environment,gate3d_ood_wed_fri_morning,sham_tiny_scaling_alpha_0.001,near_null,tiny_scaling,0.001,I_XF,family,60,60,1.0,3,0.05,57,0,3,0,6,0.1,0.0,0.0,-0.00023858679395003662,0.1
environment,gate3d_ood_wed_fri_morning,sham_tiny_scaling_alpha_0.001,near_null,tiny_scaling,0.001,I_Ym,union,60,0,0.0,0,0.0,0,0,0,60,6,0.1,0.0,0.0,-0.00023858679395003662,0.1
environment,gate3d_ood_wed_fri_morning,sham_tiny_scaling_alpha_0.001,near_null,tiny_scaling,0.001,I_Ym,family,60,0,0.0,0,0.0,0,0,0,60,6,0.1,0.0,0.0,-0.00023858679395003662,0.1
environment,gate3d_ood_wed_fri_morning,sham_tiny_scaling_alpha_0.001,near_null,tiny_scaling,0.001,I_XFY,union,60,60,1.0,13,0.21666666666666667,47,0,13,0,6,0.1,0.0,0.0,-0.00023858679395003662,0.1
environment,gate3d_ood_wed_fri_morning,sham_tiny_scaling_alpha_0.001,near_null,tiny_scaling,0.001,I_XFY,family,60,60,1.0,3,0.05,57,0,3,0,6,0.1,0.0,0.0,-0.00023858679395003662,0.1
environment,gate5a_id_unsw,sham_tiny_gaussian_sigma_0.001,near_null,tiny_gaussian,0.001,I_X,union,120,75,0.625,11,0.09166666666666666,64,0,11,45,8,0.06666666666666667,0.0,0.0,-0.00027017111514660415,0.06666666666666667
environment,gate5a_id_unsw,sham_tiny_gaussian_sigma_0.001,near_null,tiny_gaussian,0.001,I_X,family,120,24,0.2,0,0.0,24,0,0,96,8,0.06666666666666667,0.0,0.0,-0.00027017111514660415,0.06666666666666667
environment,gate5a_id_unsw,sham_tiny_gaussian_sigma_0.001,near_null,tiny_gaussian,0.001,I_XF,union,120,83,0.6916666666666667,24,0.2,59,0,24,37,8,0.06666666666666667,0.0,0.0,-0.00027017111514660415,0.06666666666666667
environment,gate5a_id_unsw,sham_tiny_gaussian_sigma_0.001,near_null,tiny_gaussian,0.001,I_XF,family,120,14,0.11666666666666667,7,0.058333333333333334,8,1,6,105,8,0.06666666666666667,0.0,0.0,-0.00027017111514660415,0.06666666666666667
environment,gate5a_id_unsw,sham_tiny_gaussian_sigma_0.001,near_null,tiny_gaussian,0.001,I_Ym,union,120,24,0.2,24,0.2,0,0,24,96,8,0.06666666666666667,0.0,0.0,-0.00027017111514660415,0.06666666666666667
environment,gate5a_id_unsw,sham_tiny_gaussian_sigma_0.001,near_null,tiny_gaussian,0.001,I_Ym,family,120,24,0.2,24,0.2,0,0,24,96,8,0.06666666666666667,0.0,0.0,-0.00027017111514660415,0.06666666666666667
environment,gate5a_id_unsw,sham_tiny_gaussian_sigma_0.001,near_null,tiny_gaussian,0.001,I_XFY,union,120,100,0.8333333333333334,47,0.39166666666666666,53,0,47,20,8,0.06666666666666667,0.0,0.0,-0.00027017111514660415,0.06666666666666667
environment,gate5a_id_unsw,sham_tiny_gaussian_sigma_0.001,near_null,tiny_gaussian,0.001,I_XFY,family,120,10,0.08333333333333333,10,0.08333333333333333,1,1,9,109,8,0.06666666666666667,0.0,0.0,-0.00027017111514660415,0.06666666666666667
environment,gate5a_id_unsw,sham_tiny_scaling_alpha_0.001,near_null,tiny_scaling,0.001,I_X,union,120,111,0.925,11,0.09166666666666666,100,0,11,9,7,0.058333333333333334,0.0,0.0,-5.882691527827084e-05,0.058333333333333334
environment,gate5a_id_unsw,sham_tiny_scaling_alpha_0.001,near_null,tiny_scaling,0.001,I_X,family,120,86,0.7166666666666667,0,0.0,86,0,0,34,7,0.058333333333333334,0.0,0.0,-5.882691527827084e-05,0.058333333333333334
environment,gate5a_id_unsw,sham_tiny_scaling_alpha_0.001,near_null,tiny_scaling,0.001,I_XF,union,120,112,0.9333333333333333,24,0.2,88,0,24,8,7,0.058333333333333334,0.0,0.0,-5.882691527827084e-05,0.058333333333333334
environment,gate5a_id_unsw,sham_tiny_scaling_alpha_0.001,near_null,tiny_scaling,0.001,I_XF,family,120,75,0.625,7,0.058333333333333334,68,0,7,45,7,0.058333333333333334,0.0,0.0,-5.882691527827084e-05,0.058333333333333334
environment,gate5a_id_unsw,sham_tiny_scaling_alpha_0.001,near_null,tiny_scaling,0.001,I_Ym,union,120,24,0.2,24,0.2,0,0,24,96,7,0.058333333333333334,0.0,0.0,-5.882691527827084e-05,0.058333333333333334
environment,gate5a_id_unsw,sham_tiny_scaling_alpha_0.001,near_null,tiny_scaling,0.001,I_Ym,family,120,24,0.2,24,0.2,0,0,24,96,7,0.058333333333333334,0.0,0.0,-5.882691527827084e-05,0.058333333333333334
environment,gate5a_id_unsw,sham_tiny_scaling_alpha_0.001,near_null,tiny_scaling,0.001,I_XFY,union,120,112,0.9333333333333333,47,0.39166666666666666,65,0,47,8,7,0.058333333333333334,0.0,0.0,-5.882691527827084e-05,0.058333333333333334
environment,gate5a_id_unsw,sham_tiny_scaling_alpha_0.001,near_null,tiny_scaling,0.001,I_XFY,family,120,58,0.48333333333333334,10,0.08333333333333333,49,1,9,61,7,0.058333333333333334,0.0,0.0,-5.882691527827084e-05,0.058333333333333334
environment,gate5b_id_ton_iot,sham_tiny_gaussian_sigma_0.001,near_null,tiny_gaussian,0.001,I_X,union,120,100,0.8333333333333334,35,0.2916666666666667,65,0,35,20,6,0.05,0.008333333333333333,0.0,-5.345178692743501e-05,0.05
environment,gate5b_id_ton_iot,sham_tiny_gaussian_sigma_0.001,near_null,tiny_gaussian,0.001,I_X,family,120,60,0.5,12,0.1,48,0,12,60,6,0.05,0.008333333333333333,0.0,-5.345178692743501e-05,0.05
environment,gate5b_id_ton_iot,sham_tiny_gaussian_sigma_0.001,near_null,tiny_gaussian,0.001,I_XF,union,120,104,0.8666666666666667,43,0.35833333333333334,61,0,43,16,6,0.05,0.008333333333333333,0.0,-5.345178692743501e-05,0.05
environment,gate5b_id_ton_iot,sham_tiny_gaussian_sigma_0.001,near_null,tiny_gaussian,0.001,I_XF,family,120,61,0.5083333333333333,14,0.11666666666666667,47,0,14,59,6,0.05,0.008333333333333333,0.0,-5.345178692743501e-05,0.05
environment,gate5b_id_ton_iot,sham_tiny_gaussian_sigma_0.001,near_null,tiny_gaussian,0.001,I_Ym,union,120,24,0.2,24,0.2,0,0,24,96,6,0.05,0.008333333333333333,0.0,-5.345178692743501e-05,0.05
environment,gate5b_id_ton_iot,sham_tiny_gaussian_sigma_0.001,near_null,tiny_gaussian,0.001,I_Ym,family,120,24,0.2,24,0.2,0,0,24,96,6,0.05,0.008333333333333333,0.0,-5.345178692743501e-05,0.05
environment,gate5b_id_ton_iot,sham_tiny_gaussian_sigma_0.001,near_null,tiny_gaussian,0.001,I_XFY,union,120,106,0.8833333333333333,56,0.4666666666666667,50,0,56,14,6,0.05,0.008333333333333333,0.0,-5.345178692743501e-05,0.05
environment,gate5b_id_ton_iot,sham_tiny_gaussian_sigma_0.001,near_null,tiny_gaussian,0.001,I_XFY,family,120,57,0.475,16,0.13333333333333333,41,0,16,63,6,0.05,0.008333333333333333,0.0,-5.345178692743501e-05,0.05
environment,gate5b_id_ton_iot,sham_tiny_scaling_alpha_0.001,near_null,tiny_scaling,0.001,I_X,union,120,120,1.0,35,0.2916666666666667,85,0,35,0,11,0.09166666666666666,0.008333333333333333,0.0,0.00038492815195071334,0.09166666666666666
environment,gate5b_id_ton_iot,sham_tiny_scaling_alpha_0.001,near_null,tiny_scaling,0.001,I_X,family,120,72,0.6,12,0.1,60,0,12,48,11,0.09166666666666666,0.008333333333333333,0.0,0.00038492815195071334,0.09166666666666666
environment,gate5b_id_ton_iot,sham_tiny_scaling_alpha_0.001,near_null,tiny_scaling,0.001,I_XF,union,120,120,1.0,43,0.35833333333333334,77,0,43,0,11,0.09166666666666666,0.008333333333333333,0.0,0.00038492815195071334,0.09166666666666666
environment,gate5b_id_ton_iot,sham_tiny_scaling_alpha_0.001,near_null,tiny_scaling,0.001,I_XF,family,120,92,0.7666666666666667,14,0.11666666666666667,78,0,14,28,11,0.09166666666666666,0.008333333333333333,0.0,0.00038492815195071334,0.09166666666666666
environment,gate5b_id_ton_iot,sham_tiny_scaling_alpha_0.001,near_null,tiny_scaling,0.001,I_Ym,union,120,24,0.2,24,0.2,0,0,24,96,11,0.09166666666666666,0.008333333333333333,0.0,0.00038492815195071334,0.09166666666666666
environment,gate5b_id_ton_iot,sham_tiny_scaling_alpha_0.001,near_null,tiny_scaling,0.001,I_Ym,family,120,24,0.2,24,0.2,0,0,24,96,11,0.09166666666666666,0.008333333333333333,0.0,0.00038492815195071334,0.09166666666666666
environment,gate5b_id_ton_iot,sham_tiny_scaling_alpha_0.001,near_null,tiny_scaling,0.001,I_XFY,union,120,120,1.0,56,0.4666666666666667,64,0,56,0,11,0.09166666666666666,0.008333333333333333,0.0,0.00038492815195071334,0.09166666666666666
environment,gate5b_id_ton_iot,sham_tiny_scaling_alpha_0.001,near_null,tiny_scaling,0.001,I_XFY,family,120,90,0.75,16,0.13333333333333333,74,0,16,30,11,0.09166666666666666,0.008333333333333333,0.0,0.00038492815195071334,0.09166666666666666
environment,gate6_ood_unsw,sham_tiny_gaussian_sigma_0.001,near_null,tiny_gaussian,0.001,I_X,union,60,20,0.3333333333333333,9,0.15,11,0,9,40,0,0.0,0.0,0.0,0.0,0.0
environment,gate6_ood_unsw,sham_tiny_gaussian_sigma_0.001,near_null,tiny_gaussian,0.001,I_X,family,60,10,0.16666666666666666,5,0.08333333333333333,5,0,5,50,0,0.0,0.0,0.0,0.0,0.0
environment,gate6_ood_unsw,sham_tiny_gaussian_sigma_0.001,near_null,tiny_gaussian,0.001,I_XF,union,60,25,0.4166666666666667,15,0.25,10,0,15,35,0,0.0,0.0,0.0,0.0,0.0
environment,gate6_ood_unsw,sham_tiny_gaussian_sigma_0.001,near_null,tiny_gaussian,0.001,I_XF,family,60,6,0.1,5,0.08333333333333333,1,0,5,54,0,0.0,0.0,0.0,0.0,0.0
environment,gate6_ood_unsw,sham_tiny_gaussian_sigma_0.001,near_null,tiny_gaussian,0.001,I_Ym,union,60,0,0.0,0,0.0,0,0,0,60,0,0.0,0.0,0.0,0.0,0.0
environment,gate6_ood_unsw,sham_tiny_gaussian_sigma_0.001,near_null,tiny_gaussian,0.001,I_Ym,family,60,0,0.0,0,0.0,0,0,0,60,0,0.0,0.0,0.0,0.0,0.0
environment,gate6_ood_unsw,sham_tiny_gaussian_sigma_0.001,near_null,tiny_gaussian,0.001,I_XFY,union,60,26,0.43333333333333335,18,0.3,8,0,18,34,0,0.0,0.0,0.0,0.0,0.0
environment,gate6_ood_unsw,sham_tiny_gaussian_sigma_0.001,near_null,tiny_gaussian,0.001,I_XFY,family,60,4,0.06666666666666667,3,0.05,1,0,3,56,0,0.0,0.0,0.0,0.0,0.0
environment,gate6_ood_unsw,sham_tiny_scaling_alpha_0.001,near_null,tiny_scaling,0.001,I_X,union,60,56,0.9333333333333333,9,0.15,47,0,9,4,3,0.05,0.0,0.0,0.00012839609613803001,0.05
environment,gate6_ood_unsw,sham_tiny_scaling_alpha_0.001,near_null,tiny_scaling,0.001,I_X,family,60,35,0.5833333333333334,5,0.08333333333333333,30,0,5,25,3,0.05,0.0,0.0,0.00012839609613803001,0.05
environment,gate6_ood_unsw,sham_tiny_scaling_alpha_0.001,near_null,tiny_scaling,0.001,I_XF,union,60,57,0.95,15,0.25,42,0,15,3,3,0.05,0.0,0.0,0.00012839609613803001,0.05
environment,gate6_ood_unsw,sham_tiny_scaling_alpha_0.001,near_null,tiny_scaling,0.001,I_XF,family,60,18,0.3,5,0.08333333333333333,13,0,5,42,3,0.05,0.0,0.0,0.00012839609613803001,0.05
environment,gate6_ood_unsw,sham_tiny_scaling_alpha_0.001,near_null,tiny_scaling,0.001,I_Ym,union,60,0,0.0,0,0.0,0,0,0,60,3,0.05,0.0,0.0,0.00012839609613803001,0.05
environment,gate6_ood_unsw,sham_tiny_scaling_alpha_0.001,near_null,tiny_scaling,0.001,I_Ym,family,60,0,0.0,0,0.0,0,0,0,60,3,0.05,0.0,0.0,0.00012839609613803001,0.05
environment,gate6_ood_unsw,sham_tiny_scaling_alpha_0.001,near_null,tiny_scaling,0.001,I_XFY,union,60,57,0.95,18,0.3,39,0,18,3,3,0.05,0.0,0.0,0.00012839609613803001,0.05
environment,gate6_ood_unsw,sham_tiny_scaling_alpha_0.001,near_null,tiny_scaling,0.001,I_XFY,family,60,11,0.18333333333333332,3,0.05,8,0,3,49,3,0.05,0.0,0.0,0.00012839609613803001,0.05
